airlineLabel,otherNames,typeLabel,iata,icao,countryLabel,website,inception,dissolved,airline,tailMade?
Caribbean Airlines,,flag carrier,BW,BWA,Trinidad and Tobago,http://www.caribbean-airlines.com/,2006-12-31T00:00:00Z,,http://www.wikidata.org/entity/Q1036118,
Compagnie Africaine d'Aviation,flyCAA,,BU,DBP,Democratic Republic of the Congo,http://www.caacongo.com/,1992-01-01T00:00:00Z,,http://www.wikidata.org/entity/Q1121073,
RED Air,,,L5,REA,Dominican Republic,https://redair.com.do/,2021-01-01T00:00:00Z,,http://www.wikidata.org/entity/Q112664251,
MGA Airlines,Mavi Gök Airlines,,4M,MGH,Turkey,https://mga.aero/,,,http://www.wikidata.org/entity/Q113278691,
LATAM Peru,,subsidiary,LP,LPE,Peru,https://www.latam.com/es_pe/,1998-01-01T00:00:00Z,,http://www.wikidata.org/entity/Q1145155,
Iran Aseman Airlines,,,EP,IRC,Iran,https://www.iaa.ir/,1980-01-01T00:00:00Z,,http://www.wikidata.org/entity/Q1156082,
Centrum Air,,,C6,MFX,Uzbekistan,https://www.centrum-air.com/en,2023-01-01T00:00:00Z,,http://www.wikidata.org/entity/Q126126530,
Air Samarkand,,,9S,UZS,Uzbekistan,https://airsamarkand.com,2023-12-27T00:00:00Z,,http://www.wikidata.org/entity/Q126173686,
Avianca Peru,,subsidiary,T0,TPU,Peru,http://www.avianca.com/en-pe/,1999-08-30T00:00:00Z,,http://www.wikidata.org/entity/Q1321143,
Taban Air,,,HH,TBN,Iran,http://www.taban.aero,2005-01-01T00:00:00Z,,http://www.wikidata.org/entity/Q1321326,
Kish Airlines,,,Y9,KIS,Iran,http://www.kishairline.com/,1989-01-01T00:00:00Z,,http://www.wikidata.org/entity/Q1336342,
Iran Air Tour,,,B9,IRB,Iran,https://iranairtour.ir/,1973-01-01T00:00:00Z,,http://www.wikidata.org/entity/Q1336559,
Equatorial Congo Airlines,ECAir,,LC,EQR,Republic of the Congo,http://www.flyecair.com/index.php?id=4,2011-01-01T00:00:00Z,,http://www.wikidata.org/entity/Q1347795,
Eznis Airways,,former,EF,EZA,Mongolia,https://www.eznis.com/,2006-01-01T00:00:00Z,,http://www.wikidata.org/entity/Q1386058,
Sol Líneas Aéreas,,former,8R,OLS,Argentina,,2005-01-01T00:00:00Z,2016-01-01T00:00:00Z,http://www.wikidata.org/entity/Q1410270,
Southern Winds Airlines,,former,A4,SWD,Argentina,,1996-01-01T00:00:00Z,2005-01-01T00:00:00Z,http://www.wikidata.org/entity/Q1424207,
Sky Airline,,,H2,SKU,Chile,http://www.skyairline.com,2002-01-01T00:00:00Z,,http://www.wikidata.org/entity/Q1427299,
Zagros Airlines,,,ZO,IZG,Iran,https://www.zagrosairlines.com/,2005-01-01T00:00:00Z,,http://www.wikidata.org/entity/Q14549136,
Hewa Bora Airways,,"former, flag carrier",EO,ALX,Democratic Republic of the Congo,,1994-01-01T00:00:00Z,2013-01-01T00:00:00Z,http://www.wikidata.org/entity/Q153030,
LC Perú,,former,W4,LCB,Peru,,1993-01-01T00:00:00Z,2018-12-12T00:00:00Z,http://www.wikidata.org/entity/Q1535950,
PLUNA,,"former, flag carrier",PU,PUA,Uruguay,,1936-11-20T00:00:00Z,2012-07-05T00:00:00Z,http://www.wikidata.org/entity/Q1539501,
Alas Uruguay,,former,YZ,ALY,Uruguay,http://www.alasuruguay.com.uy/,2013-01-01T00:00:00Z,2016-10-25T00:00:00Z,http://www.wikidata.org/entity/Q15613664,
SKY Express,,,GQ,SEH,Greece,https://www.skyexpress.gr/,2005-01-01T00:00:00Z,,http://www.wikidata.org/entity/Q1584804,
Meraj Air,,?,IJ,MRJ,Iran,https://meraj.aero/,2010-01-01T00:00:00Z,,http://www.wikidata.org/entity/Q16045991,
Juneyao Air,,,HO,DKH,People's Republic of China,https://www.juneyaoair.com/,2005-01-01T00:00:00Z,,http://www.wikidata.org/entity/Q1713277,
Star Perú,,,2I,SRU,Peru,http://www.starperu.com,1998-01-01T00:00:00Z,,http://www.wikidata.org/entity/Q1798128,
LATAM Argentina,,subsidiary,4M,DSM,Argentina,https://www.latam.com/es_ar/,2005-01-01T00:00:00Z,2020-06-17T00:00:00Z,http://www.wikidata.org/entity/Q180562,
Qanot Sharq,,,HH,QNT,Uzbekistan,https://www.qanotsharq.com/,1998-01-01T00:00:00Z,,http://www.wikidata.org/entity/Q1904030,
Avianca Costa Rica,,subsidiary,LR,LRC,Costa Rica,http://www.avianca.com/en-cr/,2013-01-01T00:00:00Z,,http://www.wikidata.org/entity/Q19259875,
Avianca Ecuador,,subsidiary,2K,GLG,Ecuador,https://www.avianca.com/ec/es/,1986-01-01T00:00:00Z,,http://www.wikidata.org/entity/Q196221,
Arajet,,,DM,DWI,Dominican Republic,https://www.arajet.com/,2014-01-01T00:00:00Z,,http://www.wikidata.org/entity/Q19903242,
Congo Airways,,"?, flag carrier",8Z,CGA,Democratic Republic of the Congo,http://congoairways.com,2015-01-01T00:00:00Z,,http://www.wikidata.org/entity/Q20824309,
Línea Aérea Amaszonas,Amas Bolivia,former,ZP,AZP,Paraguay,https://www.amaszonas.com/es-py/,2015-01-01T00:00:00Z,,http://www.wikidata.org/entity/Q21097908,
Korean Air,,flag carrier,KE,KAL,South Korea,https://www.koreanair.com/,1969-03-01T00:00:00Z,,http://www.wikidata.org/entity/Q213147,
Latin American Wings,,former,LW,JMR,Chile,http://www.vuelalaw.com,2015-01-01T00:00:00Z,,http://www.wikidata.org/entity/Q21935596,
SANSA,,,RZ,LRS,Costa Rica,http://www.flysansa.com,1979-01-01T00:00:00Z,,http://www.wikidata.org/entity/Q2222528,
Korongo Airlines,,former,ZC,KGO,Democratic Republic of the Congo,http://flykorongo.com/index_en.html,2009-01-01T00:00:00Z,2015-01-01T00:00:00Z,http://www.wikidata.org/entity/Q2240102,
TAROM,,flag carrier,RO,ROT,Romania,https://www.tarom.ro/,1954-01-01T00:00:00Z,,http://www.wikidata.org/entity/Q240656,
Trans Air Congo,,flag carrier,Q8,TSG,Republic of the Congo,http://www.flytransaircongo.com/,1994-01-01T00:00:00Z,,http://www.wikidata.org/entity/Q2496162,
FlyOne,,,5F,FIA,Moldova,http://www.flyone.aero/,2015-05-01T00:00:00Z,,http://www.wikidata.org/entity/Q26880381,
Volaris,,,Q6,VOC,Costa Rica,https://www.volaris.com/,2016-01-01T00:00:00Z,,http://www.wikidata.org/entity/Q27970677,
Sky High Aviation Services,,,DO,SHH,Dominican Republic,https://skyhighdo.com,2012-01-01T00:00:00Z,,http://www.wikidata.org/entity/Q28404358,
Sepehran Airlines,flysepehran,,IS,SHI,Iran,https://www.flysepehran.ir,2016-07-10T00:00:00Z,,http://www.wikidata.org/entity/Q28742622,
Flybondi,,,FO,FBZ,Argentina,https://flybondi.com/ar,2016-01-01T00:00:00Z,,http://www.wikidata.org/entity/Q28958607,
Norwegian Argentina,,subsidiary,DN,NAA,Argentina,https://www.norwegian.com/ar/,2017-01-25T00:00:00Z,,http://www.wikidata.org/entity/Q29017875,
Líneas Aéreas Privadas Argentinas,"LAPA, ARG Argentina Línea Privada, AIRG",former,MJ,LPR,Argentina,http://www.lapa.com.ar/,1977-01-01T00:00:00Z,2003-04-01T00:00:00Z,http://www.wikidata.org/entity/Q3027994,
Air Class Líneas Aéreas,Air Class,former,VZ,QCL,Uruguay,http://www.airclass.com.uy/,1996-01-01T00:00:00Z,,http://www.wikidata.org/entity/Q3296639,
Atsa Airlines,,,4A,AMP,Peru,http://www.atsaperu.com/,,,http://www.wikidata.org/entity/Q33274057,
Qeshm Air,Faraz Qeshm Airline,,QB,QSM,Iran,https://www.qeshm-air.com/,1993-01-01T00:00:00Z,,http://www.wikidata.org/entity/Q3412468,
LATAM Paraguay,,subsidiary,PZ,LAP,Paraguay,https://www.latam.com/es_py/,1962-01-01T00:00:00Z,,http://www.wikidata.org/entity/Q3512020,
Aeroperlas,,former,WL,APP,Panama,http://www.aeroperlas.com/,1970-01-01T00:00:00Z,,http://www.wikidata.org/entity/Q381605,
Aeroperú,,"former, flag carrier",PL,PLI,Peru,http://www.aeroperu.com.pe,1973-01-01T00:00:00Z,1999-01-01T00:00:00Z,http://www.wikidata.org/entity/Q381611,
Aerovías DAP,,,V5,DAP,Chile,http://www.dap.cl,1980-01-01T00:00:00Z,,http://www.wikidata.org/entity/Q381789,
Wayraperú,,former,7W,WAY,Peru,https://www.wayraperutours.pe,2006-01-01T00:00:00Z,2006-01-01T00:00:00Z,http://www.wikidata.org/entity/Q3847520,
AirExplore,,,ED,AXE,Slovakia,http://www.airexplore.sk/,,,http://www.wikidata.org/entity/Q406653,
Air Panama,PARSA,,7P,PST,Panama,https://www.airpanama.com,2006-01-01T00:00:00Z,,http://www.wikidata.org/entity/Q407708,
ATA Airlines,,,I3,TBZ,Iran,http://www.ataair.ir/,2009-01-01T00:00:00Z,,http://www.wikidata.org/entity/Q4115026,
Iran Air,,flag carrier,IR,IRA,Iran,http://www.iranair.com,1961-01-01T00:00:00Z,,http://www.wikidata.org/entity/Q461631,
BQB Líneas Aéreas,,former,5Q,BQB,Uruguay,http://www.flybqb.com/,2010-05-14T00:00:00Z,2015-04-11T00:00:00Z,http://www.wikidata.org/entity/Q4836308,
Andes Líneas Aéreas,,,OY,ANS,Argentina,http://www.andesonline.com/,2005-01-01T00:00:00Z,,http://www.wikidata.org/entity/Q491770,
Equaflight,,,E7,EKA,Republic of the Congo,http://www.equaflight.com/,1998-01-01T00:00:00Z,,http://www.wikidata.org/entity/Q5384103,
Fars Air Qeshm,,former,QE,QFZ,Iran,,2003-01-01T00:00:00Z,,http://www.wikidata.org/entity/Q5436378,
Fly Jamaica Airways,,former,OJ,FJM,Jamaica,http://www.fly-jamaica.com/,2012-01-01T00:00:00Z,2019-03-31T00:00:00Z,http://www.wikidata.org/entity/Q5463174,
LAN Airlines,,"former, flag carrier",LU,LXP,Chile,http://www.lan.com/index-de-de.html,1958-01-01T00:00:00Z,2016-01-01T00:00:00Z,http://www.wikidata.org/entity/Q546812,
LADE,Líneas Aéreas del Estado,,5U,LDE,Argentina,https://lade.com.ar/home,1940-01-01T00:00:00Z,,http://www.wikidata.org/entity/Q645290,
LATAM Ecuador,,subsidiary,XL,LNE,Ecuador,https://www.latam.com/es_ec/,2002-01-01T00:00:00Z,,http://www.wikidata.org/entity/Q651491,
Varesh Airlines,,,VR,VRH,Iran,http://www.varesh.aero/,2017-01-01T00:00:00Z,,http://www.wikidata.org/entity/Q65199051,
Peruvian Airlines,,former,P9,PVN,Peru,http://www.peruvian.pe/pe/en/,2007-01-01T00:00:00Z,,http://www.wikidata.org/entity/Q673852,
PAWA Dominicana,,former,7N,PWD,Dominican Republic,https://www.pawadominicana.com/,2003-01-01T00:00:00Z,2018-02-01T00:00:00Z,http://www.wikidata.org/entity/Q7118299,
S7 Airlines,,,S7,SBI,Russia,https://www.s7.ru/,1992-05-01T00:00:00Z,,http://www.wikidata.org/entity/Q740844,
Austral Líneas Aéreas,,former,AU,AUT,Argentina,http://www.austral.com.ar,1957-01-01T00:00:00Z,2020-11-30T00:00:00Z,http://www.wikidata.org/entity/Q781222,
Avianca Brazil,,subsidiary,O6,ONE,Brazil,http://www.avianca.com.br,1998-01-01T00:00:00Z,2019-05-24T00:00:00Z,http://www.wikidata.org/entity/Q790790,
Avianca Guatemala,,subsidiary,GU,GUG,Guatemala,http://www.avianca.com/es-gt,1929-01-01T00:00:00Z,,http://www.wikidata.org/entity/Q790807,
Azul Brazilian Airlines,,,AD,AZU,Brazil,http://www.voeazul.com.br/,2008-01-04T00:00:00Z,,http://www.wikidata.org/entity/Q794272,
BWIA West Indies Airways,,"former, flag carrier",BW,BWA,Trinidad and Tobago,http://www.bwee.com/,1939-01-01T00:00:00Z,2006-12-31T00:00:00Z,http://www.wikidata.org/entity/Q797197,
Western Air,,,WU,WST,The Bahamas,http://www.westernairbahamas.com/,2001-01-01T00:00:00Z,,http://www.wikidata.org/entity/Q7987439,
Bahamasair,,flag carrier,UP,BHS,The Bahamas,https://www.bahamasair.com/,1973-01-01T00:00:00Z,,http://www.wikidata.org/entity/Q800208,
Bulgaria Air,,flag carrier,FB,LZB,Bulgaria,https://www.air.bg/,2002-01-01T00:00:00Z,,http://www.wikidata.org/entity/Q822130,
Aerolíneas Argentinas,,flag carrier,AR,ARG,Argentina,https://www.aerolineas.com.ar/en-us,1950-01-01T00:00:00Z,,http://www.wikidata.org/entity/Q83535,
Biman Bangladesh Airlines,,flag carrier,BG,BBC,Bangladesh,http://www.biman-airlines.com,1972-01-01T00:00:00Z,,http://www.wikidata.org/entity/Q863432,
Bravo Air Congo,,former,K6,BRV,Democratic Republic of the Congo,http://www.bravoaircongo.com,2006-01-01T00:00:00Z,2007-12-10T00:00:00Z,http://www.wikidata.org/entity/Q902786,
Caspian Airlines,,,RV,CPN,Iran,https://www.caspian.aero/,1993-01-01T00:00:00Z,,http://www.wikidata.org/entity/Q912351,
Transportes Aéreos Guatemaltecos,,,5U,TGU,Guatemala,http://www.tag.com.gt,1961-01-01T00:00:00Z,,http://www.wikidata.org/entity/Q930379,
Air Santo Domingo,,"former, flag carrier",EX,SDO,Dominican Republic,http://www.airsantodomingo.com.do/,1996-01-01T00:00:00Z,2005-01-01T00:00:00Z,http://www.wikidata.org/entity/Q948355,
Nature Air,,former,5C,NRR,Costa Rica,http://www.natureair.com,1991-01-01T00:00:00Z,,http://www.wikidata.org/entity/Q980781,
9 Air,,,AQ,JYH,People's Republic of China,http://9air.com,2015-01-01T00:00:00Z,,http://www.wikidata.org/entity/Q17498723,
AB Airlines,,former,7L,AZX,United Kingdom,http://www.abairlines.com,1993-01-01T00:00:00Z,1999-01-01T00:00:00Z,http://www.wikidata.org/entity/Q3600562,
ACES Colombia,,former,VX,AES,Colombia,http://www.acescolombia.com.co/,1971-01-01T00:00:00Z,2003-08-20T00:00:00Z,http://www.wikidata.org/entity/Q2819046,
ADC Airlines,,former,Z7,ADK,Nigeria,http://www.adcairlines.com,1984-12-01T00:00:00Z,2007-01-01T00:00:00Z,http://www.wikidata.org/entity/Q290169,
AIS Airlines,,,IS,PNX,Netherlands,http://www.aisairlines.nl/,2009-01-01T00:00:00Z,,http://www.wikidata.org/entity/Q2354839,
AIX Connect,AirAsia India,former,I5,IAD,India,http://www.airasia.com/in/en/home.page,2013-01-01T00:00:00Z,,http://www.wikidata.org/entity/Q5103383,
AJet,AnadoluJet,,"TK, VF",THY,Turkey,https://ajet.com/,2008-01-01T00:00:00Z,,http://www.wikidata.org/entity/Q483676,
ALM Antillean Airlines,Air ALM,former,LM,ALM,Netherlands,http://www.airalm.com,1964-01-01T00:00:00Z,2001-01-01T00:00:00Z,http://www.wikidata.org/entity/Q2190812,
ANA Wings,,,EH,AKX,Japan,http://www.anawings.co.jp/,2010-10-01T00:00:00Z,,http://www.wikidata.org/entity/Q295624,
AOM French Airlines,Air Outre-Mer,former,IW,AOM,France,http://www.flyaom.com,1991-01-01T00:00:00Z,2001-01-01T00:00:00Z,http://www.wikidata.org/entity/Q296006,
APEX Airlines,,former,SO,,Myanmar,http://www.apexairline.com,,,http://www.wikidata.org/entity/Q9079609,
ASL Airlines France,Europe Airpost,,5O,FPO,France,http://www.aslairlines.fr/,2015-06-04T00:00:00Z,,http://www.wikidata.org/entity/Q1376268,
ATA Airlines,American Trans Air,former,TZ,AMT,United States,,1973-01-01T00:00:00Z,2008-01-01T00:00:00Z,http://www.wikidata.org/entity/Q298738,
Royal Flight,Abakan-Avia,former,"RL, 4R",ABG,Russia,http://www.royalflight.ru/,1992-01-01T00:00:00Z,2022-05-01T00:00:00Z,http://www.wikidata.org/entity/Q17492738,
AccessAir,,former,ZA,CYD,United States,http://www.accessair.com,1998-01-01T00:00:00Z,2001-01-01T00:00:00Z,http://www.wikidata.org/entity/Q4672398,
Ada Air,,former,ZY,ADE,Albania,http://www.adaair.com/,1991-01-01T00:00:00Z,2007-01-01T00:00:00Z,http://www.wikidata.org/entity/Q346072,
Adam Air,,former,KI,DHI,Indonesia,http://flyadamair.com,2002-11-21T00:00:00Z,2008-03-18T00:00:00Z,http://www.wikidata.org/entity/Q482192,
Adria Airways,Inex-Adria Aviopromet,"former, flag-carrier",JP,ADR,Slovenia,https://www.adria.si,1961-03-14T00:00:00Z,2019-09-30T00:00:00Z,http://www.wikidata.org/entity/Q223191,
Aegean Airlines,,flag carrier,A3,AEE,Greece,http://www.aegeanair.com,1987-01-01T00:00:00Z,,http://www.wikidata.org/entity/Q380580,
Stobart Air,Aer Arann,former,RE,REA,Ireland,http://www.aerarann.com,1970-01-01T00:00:00Z,2014-03-19T00:00:00Z,http://www.wikidata.org/entity/Q381078,
Aer Arann Islands,,,RE,REA,Ireland,https://aerarannislands.ie,2002-01-01T00:00:00Z,,http://www.wikidata.org/entity/Q17070034,
Aer Lingus,,flag carrier,EI,EIN,Ireland,https://www.aerlingus.com,1936-05-28T00:00:00Z,,http://www.wikidata.org/entity/Q83716,x
Aeris,,former,SH,AIS,France,http://www.aeris.fr,1990-01-01T00:00:00Z,2003-01-01T00:00:00Z,http://www.wikidata.org/entity/Q2825580,
Aero Airlines,,former,EE,EAY,Estonia,http://www.aeroairlines.com/,2000-01-01T00:00:00Z,2008-01-01T00:00:00Z,http://www.wikidata.org/entity/Q381258,
Aero Asia International,AeroAsia,former,E4,RSO,Pakistan,http://www.aeroasia.com,1993-01-01T00:00:00Z,2007-03-19T00:00:00Z,http://www.wikidata.org/entity/Q381257,
Aero California,AeroCal,former,JR,SER,Mexico,,1960-01-01T00:00:00Z,2008-01-01T00:00:00Z,http://www.wikidata.org/entity/Q381278,
Aero Contractors,Aero,,AJ,NIG,Nigeria,http://www.flyaero.com/,1959-01-01T00:00:00Z,,http://www.wikidata.org/entity/Q381286,
Aero Cóndor,,former,Q6,CDP,Peru,http://www.aerocondor.com.pe,1975-01-01T00:00:00Z,,http://www.wikidata.org/entity/Q381290,
Aero K,,,RF,EOK,South Korea,https://www.aerok.com/kr,,,http://www.wikidata.org/entity/Q65272521,
Aero Mongolia,,,M0,MNG,Mongolia,http://www.aeromongolia.mn,1970-01-01T00:00:00Z,,http://www.wikidata.org/entity/Q381324,
Sevenair,Aero VIP,,WV,RVP,Portugal,http://www.grupo7air.com/,2000-01-01T00:00:00Z,,http://www.wikidata.org/entity/Q4033474,
Aero-Tropics Air Services,,former,HC,ATI,Australia,http://www.aero-tropics.com.au/,1995-01-01T00:00:00Z,2008-10-01T00:00:00Z,http://www.wikidata.org/entity/Q4033467,
Amelia,Aero4M,,8R,AIA,Slovenia,https://flyamelia.com,2008-01-01T00:00:00Z,,http://www.wikidata.org/entity/Q23038882,
AeroHonduras,Sol Air,former,4S,HON,Honduras,http://www.aerohondurasairlines.com/,2002-01-01T00:00:00Z,2005-01-01T00:00:00Z,http://www.wikidata.org/entity/Q4199381,
AeroSur,,"former, flag carrier",5L,RSU,Bolivia,http://www.aerosur.com/en/,1992-01-01T00:00:00Z,2012-01-01T00:00:00Z,http://www.wikidata.org/entity/Q381773,
Aerochaco,,former,VM,PRV,Argentina,http://www.aerochaco.com.ar/,2008-01-01T00:00:00Z,,http://www.wikidata.org/entity/Q4688226,
Aerocon,,former,A4,AEK,Bolivia,http://www.aerocon.bo/eng/,2005-01-01T00:00:00Z,,http://www.wikidata.org/entity/Q2825625,
Aerocondor,,former,2B,ARD,Portugal,http://www.aerocondor.com/,1975-01-01T00:00:00Z,2009-01-01T00:00:00Z,http://www.wikidata.org/entity/Q381415,
Aeroflot,,flag carrier,SU,AFL,Russia,https://aeroflot.com,1923-02-03T00:00:00Z,,http://www.wikidata.org/entity/Q58707,
Aerogaviota,,,KG,GTV,Cuba,http://www.aerogaviota.com/,1994-01-01T00:00:00Z,,http://www.wikidata.org/entity/Q381474,
Aeroitalia,,,XZ,AEZ,Italy,https://www.aeroitalia.com/,2022-01-01T00:00:00Z,,http://www.wikidata.org/entity/Q113144143,
Mexicana de Aviación,Mexicana,,XN,MXA,,https://www.mexicana.gob.mx/,,,http://www.wikidata.org/entity/Q118868077,
Aerolíneas Mas,,former,N3,MAS,Dominican Republic,http://www.aerolineasmas.com/,2005-01-01T00:00:00Z,2015-01-01T00:00:00Z,http://www.wikidata.org/entity/Q4688309,
Aerolíneas Sosa,,,P4,NSO,Honduras,https://www.aerososa.com/,1976-01-01T00:00:00Z,,http://www.wikidata.org/entity/Q381522,
Quantum Air,"AeBal, Aerolíneas de Baleares",former,QO,QTM,Spain,http://www.quantum-air.com/,1999-01-01T00:00:00Z,2010-01-26T00:00:00Z,http://www.wikidata.org/entity/Q1754131,
Aeromar,,former,VW,TAO,Mexico,https://aeromar.mx/en,1987-01-29T00:00:00Z,2023-02-15T00:00:00Z,http://www.wikidata.org/entity/Q53082,
Aeromist-Kharkiv,Aeromost-Kharkov,former,HT,AHW,Ukraine,http://www.aeromost.com,2002-01-01T00:00:00Z,2007-01-01T00:00:00Z,http://www.wikidata.org/entity/Q381540,
Aeroméxico,,flag carrier,AM,AMX,Mexico,https://aeromexico.com/,1934-09-14T00:00:00Z,,http://www.wikidata.org/entity/Q381563,
Aeroméxico Connect,,subsidiary,5D,SLI,Mexico,http://www.aeromexico.com/,1991-01-01T00:00:00Z,,http://www.wikidata.org/entity/Q381508,
Aeropelican,,former,OT,PEL,Australia,http://www.aeropelican.com.au/,1968-01-01T00:00:00Z,2013-01-01T00:00:00Z,http://www.wikidata.org/entity/Q381606,
Aeropostal Alas de Venezuela,,,VH,ALV,Venezuela,http://www.aeropostal.com,1929-01-01T00:00:00Z,,http://www.wikidata.org/entity/Q1826405,
Aerosvit Airlines,,former,VV,AEW,Ukraine,http://www.aerosvit.com,1992-01-01T00:00:00Z,2013-03-05T00:00:00Z,http://www.wikidata.org/entity/Q381779,
Aerus,,,ZV,RFD,Mexico,https://flyaerus.com/,2023-04-27T00:00:00Z,,http://www.wikidata.org/entity/Q115869920,
Afghan Jet International,,former,HN,AJA,Afghanistan,http://www.flyaji.com/,2014-01-01T00:00:00Z,,http://www.wikidata.org/entity/Q17011292,
Afric Aviation,,former,L8,,Gabon,http://www.africaviation.com/,2009-01-01T00:00:00Z,,http://www.wikidata.org/entity/Q4689464,
Africa World Airlines,,,AW,AFW,Ghana,http://www.flyAfricaWorld.com/,2010-01-01T00:00:00Z,,http://www.wikidata.org/entity/Q4689607,
African Express Airways,,,XU,AXK,Kenya,http://www.africanexpress.net/,1986-01-01T00:00:00Z,,http://www.wikidata.org/entity/Q384068,
Afrinat International Airlines,,former,Q9,AFU,The Gambia,http://www.afrinat.com,2002-01-01T00:00:00Z,2004-01-01T00:00:00Z,http://www.wikidata.org/entity/Q387848,
Afriqiyah Airways,,,8U,AAW,Libya,http://www.afriqiyah.aero,2001-01-01T00:00:00Z,,http://www.wikidata.org/entity/Q387901,
Agni Air,,former,AG,,Nepal,http://www.agniair.com/,2006-01-01T00:00:00Z,2013-01-01T00:00:00Z,http://www.wikidata.org/entity/Q2385210,
Aigle Azur,,former,ZI,AAF,France,http://www.aigle-azur.com/,1970-01-01T00:00:00Z,2019-09-07T00:00:00Z,http://www.wikidata.org/entity/Q212703,
Air Albania,,"former, flag carrier",ZB,ABN,Albania,https://www.airalbania.com.al/en/,2018-05-16T00:00:00Z,,http://www.wikidata.org/entity/Q55075006,
Air Algérie,,flag carrier,AH,DAH,Algeria,https://airalgerie.dz/,1953-01-01T00:00:00Z,,http://www.wikidata.org/entity/Q406764,
Air Antilles,,,3S,GUY,France,https://www.airantilles.com,2002-01-01T00:00:00Z,,http://www.wikidata.org/entity/Q406779,
Air Antwerp,,former,WP,ATW,Belgium,https://airantwerp.com/,2019-05-01T00:00:00Z,2021-01-01T00:00:00Z,http://www.wikidata.org/entity/Q65956710,
Air Arabia,,,"G9, E5, 3O","ABY, RBG, MAC",United Arab Emirates,https://www.airarabia.com/,2003-02-01T00:00:00Z,,http://www.wikidata.org/entity/Q406798,
Air Aruba,,former,FQ,ARU,Aruba,http://www.interknowledge.com/air-aruba/,1986-01-01T00:00:00Z,2000-01-01T00:00:00Z,http://www.wikidata.org/entity/Q406804,
Air Astana,,flag carrier,KC,KZR,Kazakhstan,http://www.airastana.com/,2001-01-01T00:00:00Z,,http://www.wikidata.org/entity/Q406828,
Air Astra,,,2A,AWA,Bangladesh,https://airastra.com/,2022-01-01T00:00:00Z,,http://www.wikidata.org/entity/Q115232313,
Air Atlantique,,former,7M,AAG,United Kingdom,http://www.airatlantique.co.uk/,1969-01-01T00:00:00Z,2022-05-01T00:00:00Z,http://www.wikidata.org/entity/Q131897,
Air Austral,,flag carrier,UU,REU,France,http://www.air-austral.com,1974-01-01T00:00:00Z,,http://www.wikidata.org/entity/Q406847,
Air Australia,,former,VC,AGC,Australia,http://www.airaustralia.com/,2009-01-01T00:00:00Z,2012-02-17T00:00:00Z,http://www.wikidata.org/entity/Q406837,
Air Bagan,,former,W9,JAB,Myanmar,http://www.airbagan.com/,2004-01-01T00:00:00Z,2015-01-01T00:00:00Z,http://www.wikidata.org/entity/Q406853,
Air Bashkortostan,,former,ZU,BBT,Russia,http://airbashkortostan.ru/,2006-01-01T00:00:00Z,2013-01-01T00:00:00Z,http://www.wikidata.org/entity/Q406875,
Air Belgium,,former,"KF, AJ",ABB,Belgium,http://airbelgium.com/,2016-05-27T00:00:00Z,2025-04-30T00:00:00Z,http://www.wikidata.org/entity/Q50399835,
Air Berlin,,former,AB,BER,Germany,https://www.airberlin.com,1978-01-01T00:00:00Z,2017-10-27T00:00:00Z,http://www.wikidata.org/entity/Q156829,
Air Bishkek,,former,KR,EAA,Kyrgyzstan,http://www.airbishkek.kg/,2006-01-01T00:00:00Z,2016-01-01T00:00:00Z,http://www.wikidata.org/entity/Q1330155,
Air Botswana,,flag carrier,BP,BOT,Botswana,https://www.airbotswana.co.bw/,1972-01-01T00:00:00Z,,http://www.wikidata.org/entity/Q406896,
Air Burkina,Air Volta,flag carrier,2J,VBW,Burkina Faso,http://www.air-burkina.com/,1967-01-01T00:00:00Z,,http://www.wikidata.org/entity/Q406928,
Air Burundi,,"former, flag carrier",8Y,PBU,Burundi,http://flyairburundi.com,1975-01-01T00:00:00Z,2009-01-01T00:00:00Z,http://www.wikidata.org/entity/Q2134448,
Air Busan,,,BX,ABL,South Korea,http://www.airbusan.com,2007-01-01T00:00:00Z,,http://www.wikidata.org/entity/Q406932,
Air Cairo,,,SM,MSC,Egypt,https://aircairo.com/,1997-01-01T00:00:00Z,,http://www.wikidata.org/entity/Q1147012,
Air Calédonie,Société Calédonienne de Transports Aériens,,TY,TPC,France,http://www.air-caledonie.nc,1954-01-01T00:00:00Z,,http://www.wikidata.org/entity/Q406942,
Air Cambodia,Cambodia Angkor Air,flag carrier,K6,KHV,Cambodia,http://www.cambodiaangkorair.com,2009-01-01T00:00:00Z,,http://www.wikidata.org/entity/Q368781,
Air Canada,,flag carrier,AC,ACA,Canada,https://www.aircanada.com,1937-01-01T00:00:00Z,,http://www.wikidata.org/entity/Q185339,x
Air Canada Jazz,,subsidiary,QK,JZA,Canada,http://www.flyjazz.ca/,2001-01-01T00:00:00Z,,http://www.wikidata.org/entity/Q1458703,
Air Canada Rouge,,subsidiary,RV,ROU,Canada,http://flyrouge.com/,2013-01-01T00:00:00Z,,http://www.wikidata.org/entity/Q2828184,
Air Canada Tango,,subsidiary,AC,ACA,Canada,http://www.flytango.com,2001-01-01T00:00:00Z,2004-01-01T00:00:00Z,http://www.wikidata.org/entity/Q3089528,
Air Caraïbes,,,TX,FWI,France,http://www.aircaraibes.com,2000-01-01T00:00:00Z,,http://www.wikidata.org/entity/Q406992,
Air Carnival,,former,2S,ACV,India,https://aircarnival.in/,2013-01-01T00:00:00Z,2017-04-06T00:00:00Z,http://www.wikidata.org/entity/Q19321886,
Air Central,Nakanihon,former,NV,CRF,Japan,http://www.air-central.co.jp/,1988-01-01T00:00:00Z,2010-10-01T00:00:00Z,http://www.wikidata.org/entity/Q406993,
Air Century,,,Y2,CEY,Dominican Republic,http://www.aircentury.com/,1990-01-01T00:00:00Z,,http://www.wikidata.org/entity/Q4697802,
Air Changan,Chang An Airlines,,9H,CGN,People's Republic of China,http://www.airchangan.com,1992-01-01T00:00:00Z,,http://www.wikidata.org/entity/Q1061902,
Air Chathams,,,CV,CVA,New Zealand,http://www.airchathams.co.nz,1984-01-01T00:00:00Z,,http://www.wikidata.org/entity/Q407001,
Air China,,flag carrier,CA,CCA,People's Republic of China,http://www.airchina.com/,1988-07-01T00:00:00Z,,http://www.wikidata.org/entity/Q51747,x
Air China Inner Mongolia,,former,CA,CMN,People's Republic of China,http://www.airchinaim.com/,,,http://www.wikidata.org/entity/Q85740209,
Air Choice One,,former,3E,WBR,United States,https://www.airchoiceone.com/,1979-01-01T00:00:00Z,2022-07-02T00:00:00Z,http://www.wikidata.org/entity/Q4697804,
Air Comet,Air Plus Comet,former,A7,MPD,Spain,http://www.aircomet.com,1996-01-01T00:00:00Z,2009-12-21T00:00:00Z,http://www.wikidata.org/entity/Q255196,
Alrosa,Air Company ALROSA,,6R,DRU,Russia,http://www.alrosa.aero,2000-01-01T00:00:00Z,,http://www.wikidata.org/entity/Q2573788,
Air Congo,,flag carrier,4H,RDC,Democratic Republic of the Congo,https://www.air-congo.com,2024-12-01T00:00:00Z,,http://www.wikidata.org/entity/Q131292226,
AirConnect,,former,KS,KON,Romania,https://air-connect.com/,,,http://www.wikidata.org/entity/Q114247072,
Air Corsica,,flag carrier,XK,CCM,France,http://www.aircorsica.com,1989-01-01T00:00:00Z,,http://www.wikidata.org/entity/Q407054,
Air Costa,,former,LB,LBR,India,http://www.aircosta.in/ebooking/home/default.aspx,2013-01-01T00:00:00Z,2017-02-28T00:00:00Z,http://www.wikidata.org/entity/Q15731846,
Air Creebec,,,YN,CRQ,Canada,https://www.aircreebec.ca/,1982-01-01T00:00:00Z,,http://www.wikidata.org/entity/Q407055,
Air Croatia,,,J7,,Croatia,http://www.aircroatia.eu,2014-01-01T00:00:00Z,2015-01-01T00:00:00Z,http://www.wikidata.org/entity/Q18640098,
Air Côte d'Ivoire,,flag carrier,HF,VRE,Ivory Coast,https://www.aircotedivoire.com/,2012-01-01T00:00:00Z,,http://www.wikidata.org/entity/Q392864,
Air Deccan,,former,DN,DKN,India,https://airdeccan.co.in,,,http://www.wikidata.org/entity/Q48723676,
Air Dilijans,Aircompany Armenia,former,RM,NGT,Armenia,https://airdilijans.com,2015-11-25T00:00:00Z,,http://www.wikidata.org/entity/Q24765258,
Air Djibouti,Red Sea Airlines,flag carrier,DJ,DJU,Djibouti,http://air-djibouti.com/,1963-01-01T00:00:00Z,,http://www.wikidata.org/entity/Q643713,
Air Do,"AIRDO, Hokkaido International Airlines",,HD,ADO,Japan,https://www.airdo.jp/,1996-11-14T00:00:00Z,,http://www.wikidata.org/entity/Q948500,
Air Dolomiti,,,EN,DLA,Italy,https://www.airdolomiti.de/,1989-12-30T00:00:00Z,,http://www.wikidata.org/entity/Q162174,x
Air Europa,,,UX,AEA,Spain,https://www.aireuropa.com/es/es/home,1986-01-01T00:00:00Z,,http://www.wikidata.org/entity/Q332980,
Air Europa Express,Aeronova,subsidiary,UX,OVA,Spain,https://aeronova.eu,2016-01-01T00:00:00Z,,http://www.wikidata.org/entity/Q5658932,
Air Europe,,former,PE,AEL,Italy,http://www.aireurope.it/,1989-01-01T00:00:00Z,2008-01-01T00:00:00Z,http://www.wikidata.org/entity/Q407085,
Air Fiji,,former,PC,FAJ,Fiji,http://www.airfiji.com.fj/,1995-01-01T00:00:00Z,2009-05-01T00:00:00Z,http://www.wikidata.org/entity/Q407100,
Air Finland,,former,OF,FIF,Finland,https://www.airfinland.fi/,2002-01-01T00:00:00Z,2012-06-26T00:00:00Z,http://www.wikidata.org/entity/Q407108,
Air Flamenco,Flamenco Airways,,F4,WAF,United States,http://airflamenco.net,,,http://www.wikidata.org/entity/Q4697872,
Air France,,flag carrier,AF,AFR,France,https://www.airfrance.com/,1932-01-01T00:00:00Z,,http://www.wikidata.org/entity/Q131005,x
Air France Hop,,subsidiary,A5,HOP,France,https://www.hop.fr,2013-03-31T00:00:00Z,,http://www.wikidata.org/entity/Q3951786,
Air Greenland,,flag carrier,GL,GRL,Denmark,http://airgreenland.com,1960-01-01T00:00:00Z,,http://www.wikidata.org/entity/Q407292,
Air Guilin,,,GT,CGH,People's Republic of China,http://www.airguilin.com/,2013-01-01T00:00:00Z,,http://www.wikidata.org/entity/Q24841017,
Air Guinee Express,Compagnie Nationale Air Guinée,"former, flag carrier",GI,GIB,Guinea,http://www.mirinet.com/AirGuinee/,1960-01-01T00:00:00Z,2002-01-01T00:00:00Z,http://www.wikidata.org/entity/Q597294,
Air Guyane Express,,former,3S,GUY,France,http://www.airguyane.com,2002-01-01T00:00:00Z,,http://www.wikidata.org/entity/Q407287,
Air Iceland Connect,"Air Iceland, Flugfélag Íslands",subsidiary,NY,FXI,Iceland,http://www.airiceland.is,1997-01-01T00:00:00Z,,http://www.wikidata.org/entity/Q247974,
Air India,,flag carrier,AI,AIC,India,https://www.airindia.com,1932-10-15T00:00:00Z,,http://www.wikidata.org/entity/Q69906,x
Air India Express,,subsidiary,IX,AXB,India,http://www.airindiaexpress.in,2005-01-01T00:00:00Z,,http://www.wikidata.org/entity/Q407343,
Air Indus,,former,I6,MPK,Pakistan,http://www.airindus.com.pk/,,2015-07-01T00:00:00Z,http://www.wikidata.org/entity/Q4698037,
Air Inuit,,,3H,AIE,Canada,https://www.airinuit.com/en,1978-01-01T00:00:00Z,,http://www.wikidata.org/entity/Q407371,
Air Italy,,former,IG,ISS,Italy,https://www.airitaly.com/,2018-02-19T00:00:00Z,2020-02-11T00:00:00Z,http://www.wikidata.org/entity/Q49547426,
Air Ivoire,,"former, flag carrier",VU,VUN,Ivory Coast,http://www.airivoire.com,1960-12-14T00:00:00Z,2011-01-01T00:00:00Z,http://www.wikidata.org/entity/Q407399,
Air Japan,AirJapan,subsidiary,NQ,AJX,Japan,https://www.air-japan.co.jp/,1990-01-01T00:00:00Z,,http://www.wikidata.org/entity/Q1189087,
Air Kazakhstan,,"former, flag carrier",9Y,KZK,Kazakhstan,http://ru.airkaz.com/main.html,1996-01-01T00:00:00Z,2004-02-29T00:00:00Z,http://www.wikidata.org/entity/Q117766,
Air Kiribati,,flag carrier,IK,AKL,Kiribati,http://www.airkiribati.com.ki,1995-01-01T00:00:00Z,,http://www.wikidata.org/entity/Q407416,
Air Koryo,,flag carrier,JS,KOR,North Korea,http://www.airkoryo.com.kp/?__lang=en_US,1955-09-21T00:00:00Z,,http://www.wikidata.org/entity/Q257502,
Air Labrador,,former,WJ,LAL,Canada,http://www.airlabrador.com/home/,1948-01-01T00:00:00Z,2017-06-01T00:00:00Z,http://www.wikidata.org/entity/Q153797,
Air Leap,,former,FL,LPA,Sweden,https://www.airleap.se,2018-01-01T00:00:00Z,2022-01-24T00:00:00Z,http://www.wikidata.org/entity/Q107456909,
Air Liaison,,,DU,,Canada,http://airliaison.ca/,2001-01-01T00:00:00Z,,http://www.wikidata.org/entity/Q65012940,
Air Liberté,,former,IJ,LIB,France,http://www.airlib.fr,1987-01-01T00:00:00Z,2003-01-01T00:00:00Z,http://www.wikidata.org/entity/Q1585679,
Air Link,,,DR,,Australia,http://www.airlinkairlines.com.au/,1971-01-01T00:00:00Z,,http://www.wikidata.org/entity/Q407440,
Air Lithuania,,former,TT,KLA,Lithuania,http://www.airlithuania.lt/Default.asp?DL=E,1991-09-20T00:00:00Z,2005-11-23T00:00:00Z,http://www.wikidata.org/entity/Q384550,
Air Lituanica,,former,LT,LTU,Lithuania,http://www.airlituanica.com,2013-01-01T00:00:00Z,2015-01-01T00:00:00Z,http://www.wikidata.org/entity/Q13218993,
Air Oceania,Air Loyauté,,RL,RLY,New Caledonia,http://www.air-loyaute.nc,2003-01-01T00:00:00Z,,http://www.wikidata.org/entity/Q747829,
Air Luxor,,former,LK,LXR,Portugal,http://www.airluxor.com,1988-01-01T00:00:00Z,2006-01-01T00:00:00Z,http://www.wikidata.org/entity/Q13403867,
Air Macau,,flag carrier,NX,AMU,Macau,http://www.airmacau.com.mo/,1994-01-01T00:00:00Z,,http://www.wikidata.org/entity/Q407478,
Madagascar Airlines,,flag carrier,MD,MGY,Madagascar,https://madagascarairlines.com/,1961-01-01T00:00:00Z,,http://www.wikidata.org/entity/Q253858,
Air Madrid,,former,NM,DRD,Spain,http://www.airmadrid.com,2003-01-01T00:00:00Z,2006-12-15T00:00:00Z,http://www.wikidata.org/entity/Q407486,
Air Malawi,,"former, flag carrier",QM,AML,Malawi,https://www.malawian-airlines.com,1964-01-01T00:00:00Z,2013-02-01T00:00:00Z,http://www.wikidata.org/entity/Q407497,
Air Mali,"Compagnie Aérienne du Mali, CAM",former,I5,CMM,Mali,http://www.air-mali.com,2005-04-01T00:00:00Z,,http://www.wikidata.org/entity/Q407498,
Air Malta,,"former, flag carrier",KM,AMC,Malta,https://airmalta.com,1973-01-01T00:00:00Z,2024-01-01T00:00:00Z,http://www.wikidata.org/entity/Q221604,
Air Manas,,former,ZM,MBB,Kyrgyzstan,http://www.airmanas.com/,2006-01-01T00:00:00Z,2022-05-25T00:00:00Z,http://www.wikidata.org/entity/Q4698079,
Air Mandalay,,former,6T,AMY,Myanmar,http://www.airmandalay.com/,1994-01-01T00:00:00Z,,http://www.wikidata.org/entity/Q407508,
Air Mantra,,former,M1,MAN,India,http://www.airmantra.com/,2011-01-01T00:00:00Z,2013-01-01T00:00:00Z,http://www.wikidata.org/entity/Q4698086,
Air Marshall Islands,,flag carrier,CW,MRS,Marshall Islands,http://www.airmarshallislands.net,1980-01-01T00:00:00Z,,http://www.wikidata.org/entity/Q407530,
Air Mauritanie,,"former, flag carrier",MR,MRT,Mauritania,http://www.airmauritanie.mr/,1962-01-01T00:00:00Z,2007-01-01T00:00:00Z,http://www.wikidata.org/entity/Q407545,
Air Mauritius,,flag carrier,MK,MAU,Mauritius,http://www.airmauritius.com,1967-01-01T00:00:00Z,,http://www.wikidata.org/entity/Q407556,
Air Mediterranean,,former,MV,MAR,Greece,http://www.air-mediterranean.com/,2017-01-01T00:00:00Z,,http://www.wikidata.org/entity/Q40446413,
Air Mekong,,former,P8,MKG,Vietnam,http://www.airmekong.com.vn,2009-07-28T00:00:00Z,2013-01-01T00:00:00Z,http://www.wikidata.org/entity/Q407572,
Air Mikisew,Contact Airways,former,V8,,Canada,http://www.airmikisew.com/,1961-01-01T00:00:00Z,2011-01-01T00:00:00Z,http://www.wikidata.org/entity/Q2071372,
Air Minas Linhas Aéreas,,former,6M,AMG,Brazil,http://www.airminas.com.br/,2002-01-01T00:00:00Z,2010-01-01T00:00:00Z,http://www.wikidata.org/entity/Q4698096,
Air Moldova,,"former, flag carrier",9U,MLD,Moldova,https://www.airmoldova.md,1993-01-01T00:00:00Z,2023-01-01T00:00:00Z,http://www.wikidata.org/entity/Q407606,
Air Montenegro,,flag carrier,ZQ,MNE,Montenegro,https://airmontenegro.com/en,2021-06-10T00:00:00Z,,http://www.wikidata.org/entity/Q107657417,
Air Moorea,,former,QE,THA,France,http://www.airmoorea.pf,1968-01-01T00:00:00Z,2010-01-01T00:00:00Z,http://www.wikidata.org/entity/Q375162,
Air Namibia,,"former, flag carrier",SW,NMB,Namibia,http://www.airnamibia.com.na,1947-01-01T00:00:00Z,2021-02-11T00:00:00Z,http://www.wikidata.org/entity/Q407624,
Air Nelson,,subsidiary,NZ,RLK,New Zealand,http://www.airnelson.co.nz/,1979-01-01T00:00:00Z,2019-11-19T00:00:00Z,http://www.wikidata.org/entity/Q127316,
Air New Zealand,,flag carrier,NZ,ANZ,New Zealand,https://www.airnewzealand.com,1940-04-26T00:00:00Z,,http://www.wikidata.org/entity/Q204296,
Air Next,,"former, subsidiary",7A,NXA,Japan,http://www.airnext.ana-g.com/,2004-01-01T00:00:00Z,2010-01-01T00:00:00Z,http://www.wikidata.org/entity/Q745519,
Air Nigeria,"Virgin Nigeria, Nigerian Eagle Airlines","former, flag carrier",VK,ANP,Nigeria,https://web.archive.org/web/20120614091554/http://www.myairnigeria.com/,2004-01-01T00:00:00Z,2012-09-10T00:00:00Z,http://www.wikidata.org/entity/Q407651,
Air Nippon,,"former, subsidiary",EL,ANK,Japan,http://www.air-nippon.co.jp,1987-04-01T00:00:00Z,2012-04-01T00:00:00Z,http://www.wikidata.org/entity/Q407660,
Air Nippon Network,A-net,"former, subsidiary",EH,AKX,Japan,http://www.ank-net.co.jp/,2001-01-01T00:00:00Z,2010-01-01T00:00:00Z,http://www.wikidata.org/entity/Q407664,
Air Niugini,,flag carrier,PX,ANG,Papua New Guinea,http://www.airniugini.com.pg,1973-01-01T00:00:00Z,,http://www.wikidata.org/entity/Q407675,
Air North,,,4N,ANT,Canada,https://www.flyairnorth.com/,1977-01-01T00:00:00Z,,http://www.wikidata.org/entity/Q407673,x
Air Norway,,former,M3,NFA,Norway,http://www.airnorway.no/,2003-01-01T00:00:00Z,2017-01-01T00:00:00Z,http://www.wikidata.org/entity/Q407679,
Air Nostrum,Iberia Regional,,YW,ANE,Spain,https://www.airnostrum.es/,1994-01-01T00:00:00Z,,http://www.wikidata.org/entity/Q407694,
Air Nova,,former,QK,ARN,Canada,http://www.airnova.ca/,1986-01-01T00:00:00Z,2001-01-01T00:00:00Z,http://www.wikidata.org/entity/Q4381038,
Air One,,former,AP,ADH,Italy,http://www.flyairone.com,1983-01-01T00:00:00Z,2014-10-30T00:00:00Z,http://www.wikidata.org/entity/Q407697,
Air Peace,,,P4,APK,Nigeria,http://www.flyairpeace.com/,2013-01-01T00:00:00Z,,http://www.wikidata.org/entity/Q18161750,
Air Pegasus,,former,OP,PPL,India,http://www.airpegasus.in/,2014-01-01T00:00:00Z,2016-07-27T00:00:00Z,http://www.wikidata.org/entity/Q19574830,
Air Polonia,,former,4P,APN,Poland,http://www.airpolonia.com/index.php?lang=en,2001-01-01T00:00:00Z,2004-01-01T00:00:00Z,http://www.wikidata.org/entity/Q407745,
Air Premia,,,YP,APZ,South Korea,https://airpremia.com/,2017-07-17T00:00:00Z,,http://www.wikidata.org/entity/Q106504531,
Air Rarotonga,,flag carrier,GZ,RAR,Cook Islands,http://www.airraro.com/,1978-01-01T00:00:00Z,,http://www.wikidata.org/entity/Q407760,
Air Regional,,airline,AR,ARI,Indonesia,http://www.airregional.webs.com/,2001-01-01T00:00:00Z,2017-01-01T00:00:00Z,http://www.wikidata.org/entity/Q4272346,
Air Saint-Pierre,,,PJ,SPM,France,http://airsaintpierre.com/en/,1964-01-01T00:00:00Z,,http://www.wikidata.org/entity/Q407765,
Air Satellite,,former,6O,ASJ,Canada,http://www.air-satellite.com,1968-01-01T00:00:00Z,2007-01-01T00:00:00Z,http://www.wikidata.org/entity/Q4033620,
Air Senegal,,flag carrier,HC,SZN,Senegal,https://flyairsenegal.com/en/home/,2016-01-01T00:00:00Z,,http://www.wikidata.org/entity/Q56754455,
Air Seoul,,,RS,ASV,South Korea,http://flyairseoul.com,2014-01-01T00:00:00Z,,http://www.wikidata.org/entity/Q24867828,
Air Serbia,,flag carrier,JU,ASL,Serbia,https://www.airserbia.com/,2013-01-01T00:00:00Z,,http://www.wikidata.org/entity/Q460373,
Air Service Gabon,,former,X7,AGB,Gabon,http://www.airservice.aero/?id_Sessionlangue=2,1965-01-01T00:00:00Z,,http://www.wikidata.org/entity/Q407771,
Air Seychelles,,flag carrier,HM,SEY,Seychelles,http://www.airseychelles.com,1978-01-01T00:00:00Z,,http://www.wikidata.org/entity/Q407783,
Air Sinai,,former,4D,ASD,Egypt,https://www.flyairsinai.com/,1982-01-01T00:00:00Z,,http://www.wikidata.org/entity/Q1340479,
Air Slovakia,Air Terrex,former,GM,SVK,Slovakia,http://www.airslovakia.sk/,1994-01-01T00:00:00Z,2010-01-01T00:00:00Z,http://www.wikidata.org/entity/Q407787,
Air Srpska,,"former, flag carrier",R6,SBK,Bosnia and Herzegovina,http://www.angelfire.com/biz3/AirSrpska/,1999-01-01T00:00:00Z,2003-01-01T00:00:00Z,http://www.wikidata.org/entity/Q2828233,
Air Sunshine,,former,YI,RSI,United States,http://www.airsunshine.com,1982-01-01T00:00:00Z,,http://www.wikidata.org/entity/Q4033625,
Air Sylhet,,former,SL,SHR,Austria,http://www.airsylhet.com,2007-01-01T00:00:00Z,2009-01-01T00:00:00Z,http://www.wikidata.org/entity/Q407808,
Air São Tomé and Príncipe,,former,KY,EQL,São Tomé and Príncipe,http://airsaotomeprincipe.com,1993-01-01T00:00:00Z,2006-05-23T00:00:00Z,http://www.wikidata.org/entity/Q1970134,
Air Sénégal International,,former,V7,SNG,Senegal,http://www.air-senegal-international.com/asi_english/accueil.html,1971-01-01T00:00:00Z,2009-01-01T00:00:00Z,http://www.wikidata.org/entity/Q407817,
Air Tahiti,,,VT,VTA,France,http://www.airtahiti.pf,1987-01-01T00:00:00Z,,http://www.wikidata.org/entity/Q179118,
Air Tahiti Nui,,flag carrier,TN,THT,France,http://www.airtahitinui.com/,1996-01-01T00:00:00Z,,http://www.wikidata.org/entity/Q339237,
Air Tanzania,,flag carrier,TC,ATC,Tanzania,https://www.airtanzania.co.tz/,1977-01-01T00:00:00Z,,http://www.wikidata.org/entity/Q407842,
Air Thanlwin,Yangon Airways ,,ST,RTL,Myanmar,http://www.yangonair.com/,1996-01-01T00:00:00Z,,http://www.wikidata.org/entity/Q667400,
Air Timor,,former,MI,,Timor-Leste,http://www.air-timor.com,2007-01-01T00:00:00Z,2023-12-17T00:00:00Z,http://www.wikidata.org/entity/Q407840,
Air Tindi,,,8T,TID,Canada,http://www.airtindi.com,1988-01-01T00:00:00Z,,http://www.wikidata.org/entity/Q407847,
Air Transat,,,TS,TSC,Canada,https://www.airtransat.com/en-CA/home,1986-12-01T00:00:00Z,,http://www.wikidata.org/entity/Q407869,x
Air Travel,"Hunan Airlines, Hongtu Airlines",,A6,OTC,People's Republic of China,http://www.redair.cn/,2015-01-01T00:00:00Z,,http://www.wikidata.org/entity/Q23769262,
Air Uganda,,former,U7,UGA,Uganda,http://www.air-uganda.com/,2007-01-01T00:00:00Z,2014-01-01T00:00:00Z,http://www.wikidata.org/entity/Q407874,
Air Vallée,,former,DO,RVL,Italy,https://web.archive.org/web/20160229161235/https://www.airvallee.it/,1987-01-01T00:00:00Z,2018-01-01T00:00:00Z,http://www.wikidata.org/entity/Q407885,
Air Vanuatu,,flag carrier,NF,AVN,Vanuatu,http://www.airvanuatu.com,1981-01-01T00:00:00Z,,http://www.wikidata.org/entity/Q407886,
Air Wales,,former,6G,AWW,United Kingdom,http://www.airwales.co.uk,1997-01-01T00:00:00Z,2006-04-23T00:00:00Z,http://www.wikidata.org/entity/Q407898,
Air Zimbabwe,,flag carrier,UM,AZW,Zimbabwe,https://www.airzimbabwe.aero,1967-01-01T00:00:00Z,,http://www.wikidata.org/entity/Q407920,
AirAsia,,,AK,AXM,Malaysia,http://www.airasia.com/,1993-12-20T00:00:00Z,,http://www.wikidata.org/entity/Q406643,x
AirAsia Cambodia,,,KT,KTC,Cambodia,https://www.airasia.com/,,,http://www.wikidata.org/entity/Q115882421,
AirAsia X,FlyAsianXpress,,D7,XAX,Malaysia,http://www.airasiax.com,2007-01-01T00:00:00Z,,http://www.wikidata.org/entity/Q406632,x
AirBaltic,,flag carrier,BT,BTI,Latvia,http://www.airbaltic.com/,1995-02-08T00:00:00Z,,http://www.wikidata.org/entity/Q300924,x
AirSWIFT,Island Transvoyager,,T6,ATX,Philippines,http://www.air-swift.com,,,http://www.wikidata.org/entity/Q23048079,
AirSial,,,PF,SIF,Pakistan,https://www.airsial.com/,,,http://www.wikidata.org/entity/Q41498064,
AirTran Airways,,former,FL,TRS,United States,http://www.airtran.com/,1993-01-01T00:00:00Z,2014-01-01T00:00:00Z,http://www.wikidata.org/entity/Q406695,
AirUK,,former,UK,UKA,United Kingdom,http://www.airuk.co.uk,1980-01-01T00:00:00Z,1998-01-01T00:00:00Z,http://www.wikidata.org/entity/Q407863,
Aircalin,,flag carrier,SB,ACI,New Caledonia,https://www.aircalin.com/,1983-01-01T00:00:00Z,,http://www.wikidata.org/entity/Q408408,
Airkenya Express,,,P2,XAK,Kenya,http://www.airkenya.com/,1987-01-01T00:00:00Z,,http://www.wikidata.org/entity/Q408748,
Airlinair,,former,AN,RLA,France,http://www.airlinair.com/,1998-01-01T00:00:00Z,2013-01-01T00:00:00Z,http://www.wikidata.org/entity/Q408784,
Par Avion,Airlines of Tasmania,,FO,ATM,Australia,http://www.airtasmania.com.au/,1984-01-01T00:00:00Z,,http://www.wikidata.org/entity/Q1058133,
Airlink,,,4Z,LNK,South Africa,https://flyairlink.com/,1995-01-01T00:00:00Z,,http://www.wikidata.org/entity/Q408831,
Airnorth,,,TL,ANO,Australia,https://www.airnorth.com.au/,1978-01-01T00:00:00Z,,http://www.wikidata.org/entity/Q408864,
PAL Express,"Air Philippines, Airphil Express",,2P,GAP,Philippines,http://www.philippineairlines.com/,1995-01-01T00:00:00Z,,http://www.wikidata.org/entity/Q408955,
Akasa Air,,,QP,AKJ,India,http://akasaair.com/,2021-01-01T00:00:00Z,,http://www.wikidata.org/entity/Q109536115,
Aklak Air,,,6L,AKK,Canada,http://www.aklakair.ca/,1977-01-01T00:00:00Z,,http://www.wikidata.org/entity/Q420162,
Al Naser Wings Airlines,Al-Naser Airlines,former,6N,MHK,Iraq,http://www.alnaserairlines.com/,2009-01-01T00:00:00Z,,http://www.wikidata.org/entity/Q1357061,
AlMasria Universal Airlines,,,UJ,LMU,Egypt,http://www.almasriaairlines.com/,2008-01-01T00:00:00Z,,http://www.wikidata.org/entity/Q648845,
Aladia Airlines,,former,9A,AYD,Mexico,http://www.aladia.com/,2006-01-01T00:00:00Z,2008-01-01T00:00:00Z,http://www.wikidata.org/entity/Q2778021,
Alajnihah Airways,,former,2T,ANH,Libya,http://www.alajnihah.com/,2006-01-01T00:00:00Z,2011-01-01T00:00:00Z,http://www.wikidata.org/entity/Q1249970,
Alaska Airlines,,,AS,ASA,United States,https://www.alaskaair.com,1932-01-01T00:00:00Z,,http://www.wikidata.org/entity/Q822614,
Albanian Airlines,,former,LV,LBC,Albania,http://www.albanianairlines.com.al,1991-01-01T00:00:00Z,2011-01-01T00:00:00Z,http://www.wikidata.org/entity/Q860601,
Albatros Airways,,former,4H,LBW,Albania,http://www.albatrosairways.info/,2004-01-01T00:00:00Z,2006-01-01T00:00:00Z,http://www.wikidata.org/entity/Q1782994,
Albawings,,former,2B,AWT,Albania,http://www.albawings.com,2015-01-01T00:00:00Z,,http://www.wikidata.org/entity/Q24915570,
Alexandria Airlines,,,XH,KHH,Egypt,http://www.alexandriaairlines.com/,2006-01-01T00:00:00Z,,http://www.wikidata.org/entity/Q1319996,
Alidaunia,,,D4,LID,Italy,https://alidaunia.it/,1976-01-01T00:00:00Z,,http://www.wikidata.org/entity/Q933329,
Alitalia,,"former, flag carrier",AZ,AZA,Italy,http://www.alitalia.com,1946-09-16T00:00:00Z,2021-10-14T00:00:00Z,http://www.wikidata.org/entity/Q153975,
Alitalia Express,C.A.I. First,"former, subsidiary",XM,SMX,Italy,http://www.alitalia.it/,1997-01-01T00:00:00Z,2015-02-06T00:00:00Z,http://www.wikidata.org/entity/Q1057130,
All Nippon Airways,ANA,,NH,ANA,Japan,https://www.ana.co.jp,1952-12-27T00:00:00Z,,http://www.wikidata.org/entity/Q204284,x
Allegiant Air,Allegiant,,G4,AAY,United States,https://www.allegiantair.com/,1997-01-01T00:00:00Z,,http://www.wikidata.org/entity/Q1319601,x
Alliance Air,,,9I,LLR,India,http://www.allianceair.in,1996-01-01T00:00:00Z,,http://www.wikidata.org/entity/Q1376333,
Alma de México,,former,C4,MSO,Mexico,http://www.alma.com.mx/,2005-01-01T00:00:00Z,2008-01-01T00:00:00Z,http://www.wikidata.org/entity/Q956704,
Aloha Airlines,,former,AQ,AAH,United States,http://www.alohaairlines.com,1946-01-01T00:00:00Z,2008-03-31T00:00:00Z,http://www.wikidata.org/entity/Q167721,
Alsie Express,,subsidiary,6I,MMD,Denmark,http://www.alsieexpress.dk,2013-05-22T00:00:00Z,,http://www.wikidata.org/entity/Q15222783,
Amakusa Airlines,,,MZ,AHX,Japan,https://www.amx.co.jp/,1998-01-01T00:00:00Z,,http://www.wikidata.org/entity/Q432533,
PopulAir,Amapola Flyg,,HP,APF,Sweden,https://www.amapola.nu/,2004-01-01T00:00:00Z,,http://www.wikidata.org/entity/Q454611,
American Airlines,,,AA,AAL,United States,https://www.aa.com,1926-04-15T00:00:00Z,,http://www.wikidata.org/entity/Q32396,x
Andorra Airlines,,,AN,AEN,Spain,https://www.andorraairlines.com/,2015-01-01T00:00:00Z,,http://www.wikidata.org/entity/Q24908122,
Angara Airlines,,former,2G,AGU,Russia,http://www.angara.aero,2000-01-01T00:00:00Z,,http://www.wikidata.org/entity/Q2399163,
Angkor Airways,,former,G6,AKW,Cambodia,http://www.angkorairways.com/,2004-01-01T00:00:00Z,2008-01-01T00:00:00Z,http://www.wikidata.org/entity/Q540041,
Ansett Australia,,former,AN,AAA,Australia,http://www.ansett.com.au,1935-01-01T00:00:00Z,2002-03-04T00:00:00Z,http://www.wikidata.org/entity/Q247116,
Apsara International Air,,former,IP,AQQ,Cambodia,http://www.apsara-airline.com,2013-01-01T00:00:00Z,,http://www.wikidata.org/entity/Q18352818,
Arctic Circle Air,,former,5F,CIR,United States,http://www.arcticcircleair.com/,1973-01-01T00:00:00Z,2011-01-01T00:00:00Z,http://www.wikidata.org/entity/Q4034296,
Ariana Afghan Airlines,,flag carrier,FG,AFG,Afghanistan,http://www.flyariana.com,1955-01-27T00:00:00Z,,http://www.wikidata.org/entity/Q654953,
Arik Air,,,W3,ARA,Nigeria,http://www.arikair.com/,2002-01-01T00:00:00Z,,http://www.wikidata.org/entity/Q660986,
Arkia,,,IZ,AIZ,Israel,http://www.arkia.com/,1949-01-01T00:00:00Z,,http://www.wikidata.org/entity/Q553915,
Armenia Airways,,,6A,AMW,Armenia,https://armeniaairways.am,2013-01-01T00:00:00Z,,http://www.wikidata.org/entity/Q63441520,
Armenian Airlines,,"former, flag carrier",R3,RME,Armenia,http://www.armenianairlines.com,1991-01-01T00:00:00Z,2003-01-01T00:00:00Z,http://www.wikidata.org/entity/Q487158,
Armenian Airlines,,former,JI,AAG,,https://armenianairlines.am/en,2022-01-01T00:00:00Z,,http://www.wikidata.org/entity/Q117810704,
Aruba Airlines,,flag carrier,AG,ARU,Aruba,https://www.arubaairlines.com/,2010-01-01T00:00:00Z,,http://www.wikidata.org/entity/Q14628853,
Aserca Airlines,,former,R7,OCA,Venezuela,http://www.asercaairlines.com,1994-01-01T00:00:00Z,,http://www.wikidata.org/entity/Q724282,
Asian Wings Airways,,former,YJ,AWM,Myanmar,http://asianwingsair.com/,2011-01-01T00:00:00Z,,http://www.wikidata.org/entity/Q2494170,
Asiana Airlines,,,OZ,AAR,South Korea,https://www.flyasiana.com,1988-02-17T00:00:00Z,,http://www.wikidata.org/entity/Q211165,
Asky Airlines,,,KP,SKK,Togo,http://www.flyasky.com/,2008-01-01T00:00:00Z,,http://www.wikidata.org/entity/Q127529,
Astra Airlines,,former,A2,AZI,Greece,http://www.astra-airlines.gr/,2008-01-01T00:00:00Z,2019-11-14T00:00:00Z,http://www.wikidata.org/entity/Q750308,
Athens Airways,,former,ZF,,Greece,http://www.athensairways.com/en,2008-01-01T00:00:00Z,2010-01-01T00:00:00Z,http://www.wikidata.org/entity/Q472560,
Atlantic Airways,,flag carrier,RC,FLI,Faroe Islands,http://www.atlantic.fo,1987-01-01T00:00:00Z,,http://www.wikidata.org/entity/Q151581,
Atlantic Coast Airlines,,former,DH,BLR,United States,http://www.atlanticcoast.com,1989-01-01T00:00:00Z,2006-01-05T00:00:00Z,http://www.wikidata.org/entity/Q4034537,
Atlantic Southeast Airlines,,former,EV,ASQ,United States,http://www.flyasa.com,1979-01-01T00:00:00Z,2011-12-31T00:00:00Z,http://www.wikidata.org/entity/Q178765,
AtlasGlobal Ukraine,,former,UH,UJX,Ukraine,http://www.atlasglb.com.ua/,2013-01-01T00:00:00Z,,http://www.wikidata.org/entity/Q20072129,
Atlasglobal,,former,KK,KKK,Turkey,http://www.atlasjet.com/,2001-03-14T00:00:00Z,2020-02-12T00:00:00Z,http://www.wikidata.org/entity/Q757295,
Auric Air,,,UI,AUK,Tanzania,http://www.auricair.com,2001-01-01T00:00:00Z,,http://www.wikidata.org/entity/Q4822322,
Aurigny Air Services,,flag carrier,GR,AUR,Guernsey,http://www.aurigny.com,1968-01-01T00:00:00Z,,http://www.wikidata.org/entity/Q776145,
Aurora,,,HZ,SHU,Russia,http://www.flyaurora.ru/en,2013-01-01T00:00:00Z,,http://www.wikidata.org/entity/Q15222475,
Austrian Airlines,,flag carrier,OS,AUA,Austria,https://www.austrian.com/,1957-09-30T00:00:00Z,,http://www.wikidata.org/entity/Q781770,x
Avelo Airlines,,,XP,VXP,United States,https://www.aveloair.com/,1989-01-01T00:00:00Z,,http://www.wikidata.org/entity/Q8045045,
Avensa,,former,VE,AVE,Venezuela,http://www.avensa.com.ve/,1943-01-01T00:00:00Z,2004-12-31T00:00:00Z,http://www.wikidata.org/entity/Q300138,
Avia Traffic Company,,,YK,AVJ,Kyrgyzstan,http://www.aero.kg/,2003-01-01T00:00:00Z,,http://www.wikidata.org/entity/Q4034638,
Aviacsa,,former,6A,CHP,Mexico,http://www.aviacsa.com/,1990-01-01T00:00:00Z,2011-01-01T00:00:00Z,http://www.wikidata.org/entity/Q790772,
Avianca,,flag carrier,AV,AVA,Colombia,https://www.avianca.com,1919-12-05T00:00:00Z,,http://www.wikidata.org/entity/Q308911,x
Avianca Costa Rica,,subsidiary,LR,LRC,Costa Rica,http://www.avianca.com/,1946-01-01T00:00:00Z,,http://www.wikidata.org/entity/Q1028575,
Avianca El Salvador,,subsidiary,TA,TAI,El Salvador,http://www.grupotaca.com/,1931-01-01T00:00:00Z,,http://www.wikidata.org/entity/Q1139145,
Avianca Express,,subsidiary,EX,AVR,Colombia,https://www.avianca.com,2018-01-01T00:00:00Z,,http://www.wikidata.org/entity/Q63371258,
Avianca Honduras,,subsidiary,WC,ISV,Honduras,https://www.avianca.com,1981-01-01T00:00:00Z,,http://www.wikidata.org/entity/Q846922,
Aviandina,,former,SJ,VND,Peru,https://web.archive.org/web/20080316194315/http://www.aerolineasperuanas.com/aviandina/index.htm,1999-01-01T00:00:00Z,,http://www.wikidata.org/entity/Q4828578,
Aviastar,,former,MV,VIT,Indonesia,http://www.aviastar.biz/,2000-01-01T00:00:00Z,,http://www.wikidata.org/entity/Q4828598,
Avioimpex,,former,M4,AXX,North Macedonia,http://www.unet.com.mk/mbc/avioimpex.htm,1992-01-01T00:00:00Z,2002-01-01T00:00:00Z,http://www.wikidata.org/entity/Q791089,
Avior Airlines,,,9V,ROI,Venezuela,https://www.aviorair.com,1994-01-01T00:00:00Z,,http://www.wikidata.org/entity/Q791117,
Avior Regional,,"former, subsidiary",3R,RGR,Venezuela,https://www.aviorair.com/,2015-03-11T00:00:00Z,,http://www.wikidata.org/entity/Q20013289,
Avolar,,former,V5,VLI,Mexico,http://www.avolar.com.mx/,2005-01-01T00:00:00Z,2008-01-01T00:00:00Z,http://www.wikidata.org/entity/Q2917559,
Azerbaijan Airlines,AZAL,flag carrier,J2,AHY,Azerbaijan,http://azal.az/en,1992-04-07T00:00:00Z,,http://www.wikidata.org/entity/Q333679,
Azimuth,,,A4,MUT,Russia,https://azimuth.ru,2017-02-01T00:00:00Z,,http://www.wikidata.org/entity/Q30890991,
Azman Air,,,ZQ,AZM,Nigeria,http://www.airazman.com/,2010-01-01T00:00:00Z,,http://www.wikidata.org/entity/Q18162475,
Azores Airlines,SATA Internacional,,S4,RZO,Portugal,https://www.azoresairlines.pt/,1998-01-01T00:00:00Z,,http://www.wikidata.org/entity/Q2205178,
Azur Air,,former,ZF,KTK,Russia,http://www.azurair.com/,1995-01-01T00:00:00Z,,http://www.wikidata.org/entity/Q1751278,
Azur Air Germany,Azurair,former,UR,ARZ,Germany,http://www.azurair.de/,2016-01-01T00:00:00Z,2018-01-01T00:00:00Z,http://www.wikidata.org/entity/Q27842245,
Azzurra Air,,former,ZS,AZI,Italy,http://www.azzurraair.it/eng/Home.asp,1995-01-01T00:00:00Z,2004-03-01T00:00:00Z,http://www.wikidata.org/entity/Q2245565,
AéroLyon,,former,4Q,AEY,France,http://www.loongair.cn/,1996-01-01T00:00:00Z,2001-01-01T00:00:00Z,http://www.wikidata.org/entity/Q2875332,
B&H Airlines,,"former, flag carrier",JA,BON,Bosnia and Herzegovina,http://www.bhairlines.ba,2005-01-01T00:00:00Z,2015-07-02T00:00:00Z,http://www.wikidata.org/entity/Q794959,
BA CityFlyer,British Airways Cityflyer,subsidiary,CJ,CFE,United Kingdom,https://www.britishairways.com,2007-01-01T00:00:00Z,,http://www.wikidata.org/entity/Q8779,
BAL Bashkirian Airlines,,former,V9,BTC,Russia,http://www.bal.ufanet.ru/eng/index.html,1991-01-01T00:00:00Z,2007-01-01T00:00:00Z,http://www.wikidata.org/entity/Q1819913,
BAR Aviation Uganda,,former,HE,,Uganda,https://www.baraviationug.com/,2008-01-01T00:00:00Z,,http://www.wikidata.org/entity/Q111949926,
BRA Transportes Aéreos,,former,B7,BRB,Brazil,http://www.voebra.com.br/,1999-01-01T00:00:00Z,2007-11-07T00:00:00Z,http://www.wikidata.org/entity/Q2877461,
BVI Airways,,former,XV,BVI,British Virgin Islands,http://www.gobvi.com/,,2017-01-01T00:00:00Z,http://www.wikidata.org/entity/Q4836825,
Badr Airlines,Sarit Airlines,,J4,BDR,Sudan,http://www.badrairlines.com/,1997-01-01T00:00:00Z,,http://www.wikidata.org/entity/Q799679,
Bahrain Air,,former,BN,BAB,Bahrain,http://www.bahrainair.net,2007-01-01T00:00:00Z,,http://www.wikidata.org/entity/Q803632,
Bamboo Airways,,,QH,BAV,Vietnam,https://www.bambooairways.com/en/,2018-01-01T00:00:00Z,,http://www.wikidata.org/entity/Q51779763,
Bangkok Airways,,,PG,BKP,Thailand,http://www.bangkokair.com,1968-01-01T00:00:00Z,,http://www.wikidata.org/entity/Q806487,
Barents AirLink,Nordkalottflyg,former,8N,NKF,Sweden,http://www.barentsairlink.se/,1974-01-01T00:00:00Z,2016-01-01T00:00:00Z,http://www.wikidata.org/entity/Q3354644,
Bassaka Air,,former,5B,BSX,Cambodia,http://www.bassakaair.com,2014-01-01T00:00:00Z,,http://www.wikidata.org/entity/Q18356886,
Batavia Air,,former,"Y6, 7P",BTV,Indonesia,http://www.batavia-air.com,2002-01-01T00:00:00Z,2013-01-31T00:00:00Z,http://www.wikidata.org/entity/Q810738,
Batik Air,,,ID,BTK,Indonesia,https://www.batikair.com/,2013-03-01T00:00:00Z,,http://www.wikidata.org/entity/Q618960,
Batik Air Malaysia,Malindo Air,,OD,MXD,Malaysia,http://www.malindoair.com,2012-01-01T00:00:00Z,,http://www.wikidata.org/entity/Q6743729,
Bay Air Aviation,,,N6,NMD,Namibia,https://bay-air.com/,1993-01-01T00:00:00Z,,http://www.wikidata.org/entity/Q812058,
Bearskin Airlines,Bearskin Lake Air Service ,,JV,BLS,Canada,https://www.bearskinairlines.com,1963-01-01T00:00:00Z,,http://www.wikidata.org/entity/Q813036,
Beijing Capital Airlines,"Capital Airlines, Deer Jet Airlines, Deer Air",,JD,CBJ,People's Republic of China,https://www.jdair.net/,2010-01-01T00:00:00Z,,http://www.wikidata.org/entity/Q302642,
Bek Air,,former,Z9,BEK,Kazakhstan,https://www.bekair.aero/,1999-01-01T00:00:00Z,2020-04-17T00:00:00Z,http://www.wikidata.org/entity/Q4881566,
Belair,Belair Airlines,former,4T,BHP,Switzerland,http://www.airberlin.com/,2001-01-01T00:00:00Z,2017-10-01T00:00:00Z,http://www.wikidata.org/entity/Q339700,
Belavia,,,B2,BRU,Belarus,https://belavia.by,1996-03-05T00:00:00Z,,http://www.wikidata.org/entity/Q815314,
Belle Air,Belle Air Europe,,"LZ, L9","LBY, BAL",Albania,http://www.belleair.it,2005-01-01T00:00:00Z,2013-01-01T00:00:00Z,http://www.wikidata.org/entity/Q815842,
Bellview Airlines,,former,B3,BLV,Nigeria,http://www.flybellviewair.com/,1992-01-01T00:00:00Z,2009-01-01T00:00:00Z,http://www.wikidata.org/entity/Q816066,
Bemidji Airlines,,,CH,BMJ,United States,https://www.bemidjiaviation.com/,1946-01-01T00:00:00Z,,http://www.wikidata.org/entity/Q4885108,
Bering Air,,,8E,BRG,United States,http://www.beringair.com,1979-01-01T00:00:00Z,,http://www.wikidata.org/entity/Q4035042,
Berjaya Air,,,J8,BVT,Malaysia,https://berjaya-air.com,1989-01-01T00:00:00Z,,http://www.wikidata.org/entity/Q820731,
Best Air,,former,5Q,BEA,Bangladesh,http://www.bestairbd.com,1999-01-01T00:00:00Z,2009-01-01T00:00:00Z,http://www.wikidata.org/entity/Q2533250,
Bhoja Air,,former,B4,BHO,Pakistan,http://www.bhojaair.com.pk/home/,,2012-01-01T00:00:00Z,http://www.wikidata.org/entity/Q570758,
Bhutan Airlines,,,B3,BTN,Bhutan,http://www.bhutanairlines.bt/?p=859,2011-01-01T00:00:00Z,,http://www.wikidata.org/entity/Q245917,
Big Sky Airlines,,former,GQ,BSY,United States,http://www.bigskyair.com/,1978-01-01T00:00:00Z,2008-01-01T00:00:00Z,http://www.wikidata.org/entity/Q2042580,
Binter Canarias,,flag carrier,"NT, 3B","IBB, NTB",Spain,https://www.bintercanarias.com/,1989-01-01T00:00:00Z,,http://www.wikidata.org/entity/Q864087,
Blue Air,,former,0B,BLA,Romania,https://www.flyblueair.com,2004-01-01T00:00:00Z,2023-03-21T00:00:00Z,http://www.wikidata.org/entity/Q804561,
Blue Islands,,former,SI,BCI,Guernsey,https://www.blueislands.com/,1999-01-01T00:00:00Z,,http://www.wikidata.org/entity/Q885738,
Blue Panorama Airlines,Luke Air,former,BV,BPA,Italy,http://www.blue-panorama.com,1998-01-01T00:00:00Z,2022-01-01T00:00:00Z,http://www.wikidata.org/entity/Q885841,
Blue Wings,,former,QW,BWG,Germany,http://www.bluewings.com/cms/index.php?no_cache=1&id=191&L=1,2002-01-01T00:00:00Z,2010-01-01T00:00:00Z,http://www.wikidata.org/entity/Q685605,
Blue1,,former,KF,BLF,Finland,http://www.blue1.fi,1987-01-01T00:00:00Z,2016-01-01T00:00:00Z,http://www.wikidata.org/entity/Q214675,
Bluebird Airways,,,BZ,BBG,Greece,https://www.bluebirdair.com/,2008-01-01T00:00:00Z,,http://www.wikidata.org/entity/Q2744114,
Bmibaby,,former,WW,BMI,United Kingdom,http://www.bmibaby.com/,2002-01-01T00:00:00Z,2012-09-09T00:00:00Z,http://www.wikidata.org/entity/Q310448,
Boliviana de Aviación,BoA,flag carrier,OB,BOV,Bolivia,https://www.boa.bo,2007-10-24T00:00:00Z,,http://www.wikidata.org/entity/Q891372,
Borajet,,former,YB,BRJ,Turkey,http://www.borajet.com.tr/,2008-01-01T00:00:00Z,2017-04-24T00:00:00Z,http://www.wikidata.org/entity/Q893310,
Bosnian Wand Airlines,,former,H3,HRM,Bosnia and Herzegovina,http://www.bwairlines.com,2014-01-01T00:00:00Z,2015-02-01T00:00:00Z,http://www.wikidata.org/entity/Q18712140,
Boston-Maine Airways,Pan Am Clipper Connection,former,E9,CXS,United States,http://www.flypanam.com/,1999-01-01T00:00:00Z,2008-01-01T00:00:00Z,http://www.wikidata.org/entity/Q894554,
Bouraq Indonesia Airlines,"Bouraq, Bouraq Airlines",former,BO,BOU,Indonesia,http://www.bouraq.com,1970-01-01T00:00:00Z,2005-01-01T00:00:00Z,http://www.wikidata.org/entity/Q895173,
Boutique Air,,,4B,BTQ,United States,https://www.boutiqueair.com/,2007-01-01T00:00:00Z,,http://www.wikidata.org/entity/Q17511231,
Braathens,"Braathens International Airways, Braathens Regional, Braathens Regional Aviation, BRA",former,"BU, TT, DC, TF","BRA, BIX, BRX, SCW",Sweden,http://www.braathens.no,1946-03-26T00:00:00Z,2004-05-01T00:00:00Z,http://www.wikidata.org/entity/Q1334889,
Breeze Airways,Breeze,,MX,MXY,United States,https://www.flybreeze.com/,2018-07-31T00:00:00Z,,http://www.wikidata.org/entity/Q55641146,x
Brindabella Airlines,,former,FQ,,Australia,http://www.brindabellaairlines.com.au,1994-01-01T00:00:00Z,2013-12-14T00:00:00Z,http://www.wikidata.org/entity/Q499795,
Brit Air,,former,DB,BZH,France,http://www.britair.com,1973-01-01T00:00:00Z,2017-03-01T00:00:00Z,http://www.wikidata.org/entity/Q918006,
British Airways,,flag carrier,BA,"BAW, BAT",United Kingdom,https://britishairways.com/,1919-01-01T00:00:00Z,,http://www.wikidata.org/entity/Q8766,x
British Mediterranean Airways,,former,KJ,LAJ,United Kingdom,http://flybmed.com,1994-01-01T00:00:00Z,2007-01-01T00:00:00Z,http://www.wikidata.org/entity/Q1785911,
British NorthWest Airlines,,former,W9,BNW,United Kingdom,http://www.flybnwa.co.uk/,2001-01-01T00:00:00Z,2006-01-01T00:00:00Z,http://www.wikidata.org/entity/Q4970560,
Brussels Airlines,,flag carrier,SN,BEL,Belgium,https://www.brusselsairlines.com,2006-11-07T00:00:00Z,,http://www.wikidata.org/entity/Q153571,
Budapest Aircraft Service,,,RP,BPS,Hungary,http://www.baseairlines.hu,1991-01-01T00:00:00Z,,http://www.wikidata.org/entity/Q851054,
Buddha Air,,,U4,BHA,Nepal,http://www.buddhaair.com/,1996-01-01T00:00:00Z,,http://www.wikidata.org/entity/Q734942,
Buffalo Airways,,former,J4,BFL,Canada,http://www.buffaloairways.com/,1970-01-01T00:00:00Z,,http://www.wikidata.org/entity/Q622029,
Buraq Air,,,UZ,BRQ,Libya,http://www.buraq.aero/,2001-01-01T00:00:00Z,,http://www.wikidata.org/entity/Q1982661,
Buta Airways,,former,J2,AHY,Azerbaijan,http://www.butaairways.az/,2016-12-14T00:00:00Z,2023-10-01T00:00:00Z,http://www.wikidata.org/entity/Q30344196,
Calafia Airlines,,former,A7,CFV,Mexico,https://www.calafiaairlines.com,1993-01-01T00:00:00Z,,http://www.wikidata.org/entity/Q4833226,
CEIBA Intercontinental,,,C2,CEL,Equatorial Guinea,http://ceiba.irc-conseil.com/,2007-05-01T00:00:00Z,,http://www.wikidata.org/entity/Q731312,
CM Airlines,,,"H5, CC",OMT,Honduras,http://www.cmairlines.com/,,,http://www.wikidata.org/entity/Q5013054,
Cabo Verde Airlines,TACV,,VR,TCV,Cape Verde,https://www.caboverdeairlines.com/,1958-01-01T00:00:00Z,,http://www.wikidata.org/entity/Q669686,
Caicos Express Airways,,,9Q,CXE,Turks and Caicos Islands,http://caicosexpress.com/,,,http://www.wikidata.org/entity/Q18737067,
California Pacific Airlines,,former,4A,DYN,United States,http://www.flycpair.com,2009-04-01T00:00:00Z,2019-01-17T00:00:00Z,http://www.wikidata.org/entity/Q5020735,
Calm Air,,,MO,CAV,Canada,https://www.calmair.com/,1962-01-01T00:00:00Z,,http://www.wikidata.org/entity/Q958500,
Camair-Co,,flag carrier,QC,CRC,Cameroon,http://www.camair-co.cm/,2006-01-01T00:00:00Z,,http://www.wikidata.org/entity/Q736852,
Cambodia Airlines,,former,Y6,CCL,Cambodia,http://www.cambodiaairlines.com.kh,1997-01-01T00:00:00Z,2014-01-01T00:00:00Z,http://www.wikidata.org/entity/Q5025106,
Cambodia Airways,,,KR,KME,Cambodia,https://www.cambodia-airways.com/,2017-09-11T00:00:00Z,,http://www.wikidata.org/entity/Q55606487,
Cambodia Bayon Airlines,,former,BD,BYC,Cambodia,http://www.bayonairlines.com,2014-01-01T00:00:00Z,,http://www.wikidata.org/entity/Q18386262,
Cameroon Airlines,,"former, flag carrier",UY,UYC,Cameroon,https://web.archive.org/web/20080624000154/www.cameroon-airlines.net/index.php?langue=gb&page=&cat=&carte=&zone=/,1971-01-01T00:00:00Z,2008-01-01T00:00:00Z,http://www.wikidata.org/entity/Q1028825,
CanJet,,former,C6,CJA,Canada,http://www.canjet.com/,1999-01-01T00:00:00Z,2015-01-01T00:00:00Z,http://www.wikidata.org/entity/Q1031842,
Canada 3000,,former,2T,CMM,Canada,http://www.canada3000.ca,1988-01-01T00:00:00Z,2001-11-08T00:00:00Z,http://www.wikidata.org/entity/Q1031924,
Canadian North,,,5T,MPE,Canada,https://canadiannorth.com/,1989-01-01T00:00:00Z,,http://www.wikidata.org/entity/Q1032237,
Canaryfly,,,PM,CNF,Spain,http://www.canaryfly.es/,2008-01-01T00:00:00Z,,http://www.wikidata.org/entity/Q14628880,
Cape Air,,,9K,KAP,United States,https://www.capeair.com/,1989-01-01T00:00:00Z,,http://www.wikidata.org/entity/Q1034273,x
Carib Aviation,,former,3Q,DEL,Antigua and Barbuda,http://www.carib-aviation.com/,1972-01-01T00:00:00Z,2008-01-01T00:00:00Z,http://www.wikidata.org/entity/Q1036086,
Caribair,,former,B9,CBC,Dominican Republic,http://www.caribair.com.do/ingles/index.html,1962-01-01T00:00:00Z,,http://www.wikidata.org/entity/Q2894381,
Caribbean Star Airlines,,former,8B,GFI,Antigua and Barbuda,http://www.flycaribbeanstar.com/,2000-01-01T00:00:00Z,2007-06-15T00:00:00Z,http://www.wikidata.org/entity/Q5039430,
Carpatair,,former,V3,KRP,Romania,http://www.carpatair.com,1999-01-01T00:00:00Z,,http://www.wikidata.org/entity/Q840402,
Cathay Dragon,Dragonair,former,KA,HDA,Hong Kong,http://www.dragonair.com,1985-05-24T00:00:00Z,2020-10-21T00:00:00Z,http://www.wikidata.org/entity/Q32436,
Cathay Pacific,,flag carrier,CX,CPA,People's Republic of China,https://www.cathaypacific.com,1946-09-24T00:00:00Z,,http://www.wikidata.org/entity/Q32141,x
Cayman Airways,,flag carrier,KX,CAY,Cayman Islands,http://www.caymanairways.com,1968-01-01T00:00:00Z,,http://www.wikidata.org/entity/Q1052017,
Cebgo,,subsidiary,DG,SRQ,Philippines,http://www.flyseair.com,1994-01-01T00:00:00Z,,http://www.wikidata.org/entity/Q550284,
Cebu Pacific,,,5J,CEB,Philippines,http://www.cebupacificair.com/,1988-08-26T00:00:00Z,,http://www.wikidata.org/entity/Q995151,
CemAir,,,5Z,KEM,South Africa,http://www.cemair.co.za,2002-01-01T00:00:00Z,,http://www.wikidata.org/entity/Q4035606,
Central Mountain Air,,,9M,GLR,Canada,http://www.flycma.com/,1987-01-01T00:00:00Z,,http://www.wikidata.org/entity/Q833531,
Centre-Avia,,former,J7,CVC,Russia,http://www.centreavia.ru/,2000-01-01T00:00:00Z,2010-01-01T00:00:00Z,http://www.wikidata.org/entity/Q2944764,
Center-South,,former,DF,CTS,Russia,http://www.center-south.ru/,1993-01-01T00:00:00Z,2015-10-01T00:00:00Z,http://www.wikidata.org/entity/Q2880835,
Chair Airlines,Germania Flug,,GM,GSW,Switzerland,http://www.chair.ch/,2014-01-01T00:00:00Z,,http://www.wikidata.org/entity/Q19744058,
Chalair Aviation,,,CE,CLG,France,https://www.chalair.fr/,1986-01-01T00:00:00Z,,http://www.wikidata.org/entity/Q2406313,
Chalk's International Airlines,Chalk's Ocean Airways,,OP,CHK,United States,http://www.flychalks.com,1917-01-01T00:00:00Z,2007-01-01T00:00:00Z,http://www.wikidata.org/entity/Q1059869,
Cham Wings Airlines,Sham Wing Airlines,former,6Q,SAW,Syria,http://www.chamwings.com/,2007-01-01T00:00:00Z,,http://www.wikidata.org/entity/Q3270934,
Champion Air,MGM Grand Air,former,MG,"CCP, MGM",United States,http://www.championair.com/,1995-01-01T00:00:00Z,2008-05-31T00:00:00Z,http://www.wikidata.org/entity/Q1061232,
Chanchangi Airlines,,former,5B,NCH,Nigeria,http://www.flychanchangiair.com/,1997-01-01T00:00:00Z,,http://www.wikidata.org/entity/Q578337,
Channel Express,Express Air Services,former,LS,EXS,United Kingdom,http://www.channel-express.co.uk/,1978-01-01T00:00:00Z,2006-01-01T00:00:00Z,http://www.wikidata.org/entity/Q1062248,
Chautauqua Airlines,,former,RP,CHQ,United States,http://www.flychautauqua.com,1973-01-01T00:00:00Z,2014-01-01T00:00:00Z,http://www.wikidata.org/entity/Q183547,
Chengdu Airlines,,,EU,UEA,People's Republic of China,https://www.cdal.com.cn/,2004-01-01T00:00:00Z,,http://www.wikidata.org/entity/Q1587837,
Chicago Express Airlines,,former,C8,WDY,United States,http://www.chicagoexpress.com/,1993-01-01T00:00:00Z,2005-01-01T00:00:00Z,http://www.wikidata.org/entity/Q5095591,
China Airlines,,flag carrier,CI,CAL,Taiwan,https://www.china-airlines.com,1959-09-07T00:00:00Z,,http://www.wikidata.org/entity/Q51756,
China Eastern Airlines,,,MU,CES,People's Republic of China,http://global.ceair.com,1988-01-01T00:00:00Z,,http://www.wikidata.org/entity/Q291796,
China Eastern Yunnan Airlines,China Yunnan Airlines,,3Q,CYH,People's Republic of China,http://www.c3q.com.cn/,1992-01-01T00:00:00Z,2003-01-01T00:00:00Z,http://www.wikidata.org/entity/Q71988,
China Express Airlines,China Express,,G5,HXA,People's Republic of China,http://www.chinaexpressair.com/,2004-01-01T00:00:00Z,,http://www.wikidata.org/entity/Q1073273,
China Northern Airlines,,former,CJ,CBF,People's Republic of China,http://www.cna.com.cn,1990-01-01T00:00:00Z,2003-01-01T00:00:00Z,http://www.wikidata.org/entity/Q1138118,
China Northwest Airlines,,former,WH,CNW,People's Republic of China,http://www.cnwa.com,1989-01-01T00:00:00Z,2002-01-01T00:00:00Z,http://www.wikidata.org/entity/Q1073368,
China Southern Airlines,,,CZ,CSN,People's Republic of China,http://www.csair.com/,1991-01-01T00:00:00Z,,http://www.wikidata.org/entity/Q291090,
China Southwest Airlines,,former,SZ,CXN,People's Republic of China,http://www.cswa.com,1987-01-01T00:00:00Z,2002-10-28T00:00:00Z,http://www.wikidata.org/entity/Q3730206,
China United Airlines,,,KN,CUA,People's Republic of China,https://www.flycua.com/,1986-01-01T00:00:00Z,,http://www.wikidata.org/entity/Q1073550,
China Xinhua Airlines,,former,XW,CXH,People's Republic of China,http://www.chinaxinhuaair.com/,1992-01-01T00:00:00Z,,http://www.wikidata.org/entity/Q1073547,
Chongqing Airlines,,,OQ,CQN,People's Republic of China,http://www.flycq.com/,2007-01-01T00:00:00Z,,http://www.wikidata.org/entity/Q1076141,
Cimber Air,Cimber Sterling,,QA,CIM,Denmark,https://www.cimber.dk/,2012-01-01T00:00:00Z,2017-01-01T00:00:00Z,http://www.wikidata.org/entity/Q94559,
Cinnamon Air,Saffron Aviation,,C7,CIN,Sri Lanka,https://www.cinnamonair.com,2012-01-01T00:00:00Z,,http://www.wikidata.org/entity/Q5121035,
Cirrus Airlines,,former,C9,RUS,Germany,http://www.cirrusairlines.de/,1995-01-01T00:00:00Z,2012-01-01T00:00:00Z,http://www.wikidata.org/entity/Q684241,
Citilink,,,QG,CTV,Indonesia,http://www.citilink.co.id/,2001-01-01T00:00:00Z,,http://www.wikidata.org/entity/Q1093383,
City Airline,,former,CF,SDR,Sweden,http://cityairline.com,1997-01-01T00:00:00Z,2011-11-29T00:00:00Z,http://www.wikidata.org/entity/Q1093855,
City Airways,,former,E8,GTA,Thailand,http://www.cityairways.co.th/,2011-01-01T00:00:00Z,2016-02-13T00:00:00Z,http://www.wikidata.org/entity/Q13676919,
City Star Airlines,,former,X9,ISL,United Kingdom,http://www.citystarairlines.com,2004-01-01T00:00:00Z,2008-01-01T00:00:00Z,http://www.wikidata.org/entity/Q1780529,
CityBird,,former,H2,CTB,Belgium,http://www.citybird.com,1996-01-01T00:00:00Z,2001-01-01T00:00:00Z,http://www.wikidata.org/entity/Q2325152,
CityJet,,,WX,BCY,Ireland,https://www.cityjet.com/,1992-01-01T00:00:00Z,,http://www.wikidata.org/entity/Q163625,
Clic Air,EasyFly,,VE,EFY,Colombia,https://clicair.co/,2006-01-01T00:00:00Z,,http://www.wikidata.org/entity/Q1278338,
Clickair,,former,XG,CLI,Spain,http://www.clickair.com,2006-01-01T00:00:00Z,2009-07-09T00:00:00Z,http://www.wikidata.org/entity/Q1100995,
Coast Air,,former,BX,CST,Norway,http://en.coastair.no/,1988-01-01T00:00:00Z,2008-01-01T00:00:00Z,http://www.wikidata.org/entity/Q1104372,
Coastal Aviation,,,CQ,CSV,Tanzania,http://www.coastal.co.tz,1987-01-01T00:00:00Z,,http://www.wikidata.org/entity/Q5138255,
Cobalt Air,,former,CO,FCB,Cyprus,http://www.cobalt.aero/,2016-01-01T00:00:00Z,2018-10-17T00:00:00Z,http://www.wikidata.org/entity/Q24255019,
Colgan Air,,former,9L,CJC,United States,http://www.colganair.com,1991-01-01T00:00:00Z,2012-09-05T00:00:00Z,http://www.wikidata.org/entity/Q260807,
Colorful Guizhou Airlines,,,GY,CGZ,People's Republic of China,http://www.dcair.net/,2015-01-01T00:00:00Z,,http://www.wikidata.org/entity/Q21190457,
Comair,,subsidiary,OH,COM,United States,http://www.comair.com,1977-01-01T00:00:00Z,2012-09-29T00:00:00Z,http://www.wikidata.org/entity/Q1113243,
CommuteAir,CommutAir,,C5,UCA,United States,https://www.flycommutair.com/,1989-01-01T00:00:00Z,,http://www.wikidata.org/entity/Q528492,
Compass Airlines,,former,CP,CPZ,United States,http://www.compassairline.com/,2006-01-01T00:00:00Z,2020-04-01T00:00:00Z,http://www.wikidata.org/entity/Q2042174,
Condor Flugdienst,Condor,,DE,CFG,Germany,https://www.condor.com,1955-01-01T00:00:00Z,,http://www.wikidata.org/entity/Q312517,x
Congo Express,,former,XZ,EXY,Democratic Republic of the Congo,http://www.flyexpress.aero/congo/,2010-01-01T00:00:00Z,2012-01-01T00:00:00Z,http://www.wikidata.org/entity/Q1125765,
Contact Air,,former,C3,KIS,Germany,http://www.contactair.de/,1974-01-01T00:00:00Z,2012-01-01T00:00:00Z,http://www.wikidata.org/entity/Q120078,
Continent,,former,LK,CNE,Russia,http://continentavia.nnov.ru/,2007-01-01T00:00:00Z,2011-01-01T00:00:00Z,http://www.wikidata.org/entity/Q3688922,
Continental Airlines,Continental,former,CO,COA,United States,https://www.continental.com,1934-01-01T00:00:00Z,2012-01-01T00:00:00Z,http://www.wikidata.org/entity/Q216486,
Contour Airlines,,,LF,VTE,United States,https://www.contourairlines.com/,1982-01-01T00:00:00Z,,http://www.wikidata.org/entity/Q54933181,
Conviasa,,flag carrier,V0,VCV,Venezuela,http://www.conviasa.aero,2004-01-01T00:00:00Z,,http://www.wikidata.org/entity/Q677606,
Copa Airlines,,flag carrier,CM,CMP,Panama,https://www.copaair.com,1947-01-01T00:00:00Z,,http://www.wikidata.org/entity/Q849404,
Copa Airlines Colombia,,subsidiary,P5,RPB,Colombia,,1992-11-23T00:00:00Z,,http://www.wikidata.org/entity/Q1129944,
Corendon Airlines,,,"XC, XR",CAI,Turkey,http://www.corendon-airlines.com/,2004-01-01T00:00:00Z,,http://www.wikidata.org/entity/Q669002,
Corendon Dutch Airlines,,,CD,CND,Netherlands,http://www.corendon.nl/airlines,2011-01-01T00:00:00Z,,http://www.wikidata.org/entity/Q1150325,
Corsair International,"Corsairfly, Corse Air International, Corsair",,SS,CRL,France,https://www.flycorsair.com,1981-01-01T00:00:00Z,,http://www.wikidata.org/entity/Q385366,
Cosmic Air,,former,F5,COZ,Nepal,http://www.cosmicair.com/,1997-01-01T00:00:00Z,2008-01-01T00:00:00Z,http://www.wikidata.org/entity/Q458355,
Costa Rica Green Airways,,,GW,,Costa Rica,https://costaricagreenair.com/,2018-01-01T00:00:00Z,,http://www.wikidata.org/entity/Q85754202,
Croatia Airlines,,flag carrier,OU,CTN,Croatia,https://www.croatiaairlines.com/,1990-01-01T00:00:00Z,,http://www.wikidata.org/entity/Q308974,
Cronos Airlines,,,C8,CRA,Equatorial Guinea,http://www.cronosair.com/,2007-01-01T00:00:00Z,,http://www.wikidata.org/entity/Q2693168,
Crossair,,former,LX,CRX,Switzerland,http://www.crossair.com,1975-01-01T00:00:00Z,2002-01-01T00:00:00Z,http://www.wikidata.org/entity/Q667656,
Cruiser Linhas Aéreas,,former,J6,VCR,Brazil,http://www.voecruiser.com.br/,2001-01-01T00:00:00Z,2010-01-01T00:00:00Z,http://www.wikidata.org/entity/Q5189975,
Cubana de Aviación,Cubana,flag carrier,CU,CUB,Cuba,http://www.cubana.cu/,1929-10-08T00:00:00Z,,http://www.wikidata.org/entity/Q849910,
Cyprus Airways,,flag carrier,CY,CYP,Cyprus,https://www.cyprusairways.com/,2017-01-01T00:00:00Z,,http://www.wikidata.org/entity/Q28719599,
Czech Airlines,,flag carrier,OK,CSA,Czech Republic,https://www.csa.cz/,1923-10-06T00:00:00Z,,http://www.wikidata.org/entity/Q192653,
Czech Connect Airlines,,former,CQ,CCG,Czech Republic,http://www.flycca.net/,2011-01-01T00:00:00Z,2012-01-01T00:00:00Z,http://www.wikidata.org/entity/Q2589953,
DAT,Danish Air Transport,,DX,DTR,Denmark,http://www.dat.dk,1989-01-01T00:00:00Z,,http://www.wikidata.org/entity/Q1164145,
DAT LT,DOT LT,,R6,DNU,Lithuania,http://www.dot.lt/,2003-01-01T00:00:00Z,,http://www.wikidata.org/entity/Q2034533,
Daallo Airlines,,,D3,DAO,Djibouti,http://www.daallo.biz/,1991-01-01T00:00:00Z,,http://www.wikidata.org/entity/Q1094344,
Dagestan Airlines,,former,N2,DAG,Russia,http://www.dagair.ru/,1994-01-01T00:00:00Z,2011-12-19T00:00:00Z,http://www.wikidata.org/entity/Q2545937,
Daily Air,,,DA,DAC,Taiwan,https://www.dailyair.com.tw/,1994-01-19T00:00:00Z,,http://www.wikidata.org/entity/Q710605,
Dalian Airlines,,,CA,CCD,People's Republic of China,http://www.dalianair-china.com,2011-01-01T00:00:00Z,,http://www.wikidata.org/entity/Q5210916,
Dana Air,,former,9J,DAN,Nigeria,http://www.flydanaair.com/,2008-01-01T00:00:00Z,,http://www.wikidata.org/entity/Q1159205,
Dart,,former,D4,DAT,Ukraine,http://aerodart.com.ua/,1997-01-01T00:00:00Z,2018-01-01T00:00:00Z,http://www.wikidata.org/entity/Q25393325,
Darwin Airline,"Adria Airways Switzerland, Etihad Regional",,F7,DWT,Switzerland,http://www.etihadregional.com/en/index.html,2003-01-01T00:00:00Z,2017-12-12T00:00:00Z,http://www.wikidata.org/entity/Q151174,
Dauair,,former,D5,DAU,Germany,http://www.dauair.com/,2005-01-01T00:00:00Z,2006-01-01T00:00:00Z,http://www.wikidata.org/entity/Q265192,
Delta Air Lines,Delta,,"DL, Z9","DAL, DCP",United States,https://www.delta.com/,1925-03-02T00:00:00Z,,http://www.wikidata.org/entity/Q188920,x
Delta Air Transport,DAT,,QG,DAT,Belgium,http://www.dat-airlines.com/,1967-01-01T00:00:00Z,2002-01-01T00:00:00Z,http://www.wikidata.org/entity/Q2186212,
Delta Express,,former,DL,DAL,United States,http://www.flydlx.com/,1996-01-01T00:00:00Z,2003-01-01T00:00:00Z,http://www.wikidata.org/entity/Q5254629,
Direktflyg,,former,HS,HSV,Sweden,http://www.direktflyg.com/?menuId=569,2000-01-01T00:00:00Z,,http://www.wikidata.org/entity/Q2298730,
Discover Airlines,Eurowings Discover,,4Y,OCN,Germany,https://www.eurowings-discover.com,2021-01-01T00:00:00Z,,http://www.wikidata.org/entity/Q105076914,
Divi Divi Air,,,3R,DVR,Curaçao,https://www.flydivi.com/,2000-07-28T00:00:00Z,,http://www.wikidata.org/entity/Q2068729,
Dniproavia,,former,Z6,UDN,Ukraine,http://www.dniproavia.com/,1996-01-01T00:00:00Z,2018-01-01T00:00:00Z,http://www.wikidata.org/entity/Q637291,
Dobrolet Airlines,,former,QD,DOB,Russia,http://www.dobrolet.com,2013-10-04T00:00:00Z,2014-08-03T00:00:00Z,http://www.wikidata.org/entity/Q16644952,
Domestic Airlines,,,SF,DTH,Algeria,http://www.tassiliairlines.dz,1998-01-01T00:00:00Z,,http://www.wikidata.org/entity/Q546493,
Donavia,,former,D9,DNV,Russia,http://www.aeroflot-don.ru,2000-01-01T00:00:00Z,2016-01-01T00:00:00Z,http://www.wikidata.org/entity/Q135214,
Donghai Airlines,East Pacific Airlines,,DZ,EPA,People's Republic of China,http://www.donghaiair.com,2002-01-01T00:00:00Z,,http://www.wikidata.org/entity/Q1137771,
Drukair,Royal Bhutan Airlines,,KB,DRK,Bhutan,https://www.drukair.com.bt,1981-01-01T00:00:00Z,,http://www.wikidata.org/entity/Q909560,x
Dutch Antilles Express,,former,9H,DNL,Curaçao,http://www.flydae.com/,2005-01-01T00:00:00Z,2013-09-19T00:00:00Z,http://www.wikidata.org/entity/Q1267779,
Dutch Caribbean Airlines,,former,K8,DCE,Curaçao,http://www.flydca.net/,2001-01-01T00:00:00Z,2004-01-01T00:00:00Z,http://www.wikidata.org/entity/Q3041717,
E-Liner Airways,ELA Airlines,,EL,ELA,Curaçao,http://www.e-liner.net/,1993-01-01T00:00:00Z,,http://www.wikidata.org/entity/Q5321422,
EL Al,,airline,LY,ELY,Israel,https://www.elal.co.il,1948-01-01T00:00:00Z,,http://www.wikidata.org/entity/Q208489,
EVA Air,,,BR,EVA,Taiwan,https://www.evaair.com/,1989-04-07T00:00:00Z,,http://www.wikidata.org/entity/Q715113,
Eagle Air,,,H7,EGU,Uganda,http://www.eagleair-ug.com,1994-01-01T00:00:00Z,,http://www.wikidata.org/entity/Q581297,
Eagle Airways,,"former, subsidiary",NZ,EAG,New Zealand,http://www.eagleair.co.nz,1969-01-01T00:00:00Z,2016-08-26T00:00:00Z,http://www.wikidata.org/entity/Q1054700,
Eagle Atlantic Airlines,,former,E2,EAB,Ghana,http://www.eagleatlanticairlines.com/,,2014-01-01T00:00:00Z,http://www.wikidata.org/entity/Q17074105,
East Air,,former,EG,ETJ,Tajikistan,http://www.eastair.tj/index.php?lang=ru,2007-01-01T00:00:00Z,2014-01-01T00:00:00Z,http://www.wikidata.org/entity/Q4037879,
East Horizon Airlines,,former,EA,EHN,Afghanistan,http://flyeasthorizon.com,2013-01-01T00:00:00Z,2017-03-01T00:00:00Z,http://www.wikidata.org/entity/Q17059838,
Eastar Jet,,,ZE,ESR,South Korea,https://main.eastarjet.com,2007-01-01T00:00:00Z,,http://www.wikidata.org/entity/Q489392,
Eastern Airlines,"Eastern Airlines, Dynamic Airways",,2D,EAL,United States,https://iflyea.com/,2010-01-01T00:00:00Z,,http://www.wikidata.org/entity/Q17109272,
Eastern Airways,,former,T3,EZE,United Kingdom,https://www.easternairways.com,1997-01-01T00:00:00Z,,http://www.wikidata.org/entity/Q1278136,
Eastwind Airlines,,former,W9,SGR,United States,http://www.eastwindairlines.com,1995-01-01T00:00:00Z,1999-01-01T00:00:00Z,http://www.wikidata.org/entity/Q5330994,
easyJet,,,DS,EZS,Switzerland,http://www.easyjet.com,1988-01-01T00:00:00Z,,http://www.wikidata.org/entity/Q1050862,
ecojet,,,8J,ECO,Bolivia,https://www.ecojet.com.bo/,2013-01-01T00:00:00Z,,http://www.wikidata.org/entity/Q15640535,
Edelweiss Air,Edelweiss,,WK,EDW,Switzerland,https://www.flyedelweiss.com/,1995-01-01T00:00:00Z,,http://www.wikidata.org/entity/Q662050,x
EgyptAir,,flag carrier,MS,MSR,Egypt,https://www.egyptair.com/,1932-01-01T00:00:00Z,,http://www.wikidata.org/entity/Q374740,
Elite Airways,,former,7Q,MNU,United States,http://www.eliteairways.net/,2012-01-01T00:00:00Z,,http://www.wikidata.org/entity/Q16974622,
Ellinair,,former,EL,ELB,Greece,http://www.ellinair.com,2013-01-01T00:00:00Z,,http://www.wikidata.org/entity/Q15889738,
Emirates,,flag carrier,EK,UAE,United Arab Emirates,https://www.emirates.com/,1985-03-25T00:00:00Z,,http://www.wikidata.org/entity/Q180432,
Empire Airlines,,former,EM,CFS,United States,http://www.empireairlines.com,1977-01-01T00:00:00Z,,http://www.wikidata.org/entity/Q5374027,
Endeavor Air,,subsidiary,9E,FLG,United States,http://www.endeavorair.com/,1985-01-01T00:00:00Z,,http://www.wikidata.org/entity/Q1145445,
Envoy Air,,subsidiary,MQ,ENY,United States,https://www.envoyair.com/,1984-01-01T00:00:00Z,,http://www.wikidata.org/entity/Q371306,
Eos Airlines,,former,E0,ESS,United States,http://www.eosairlines.com/,2004-01-01T00:00:00Z,2008-04-27T00:00:00Z,http://www.wikidata.org/entity/Q451903,
Equair,,former,NH,EQX,Ecuador,https://www.equair.com/,2020-10-01T00:00:00Z,,http://www.wikidata.org/entity/Q109967243,
Era Aviation,,former,7H,ERH,United States,http://www.flyera.com/,1948-01-01T00:00:00Z,2009-02-27T00:00:00Z,http://www.wikidata.org/entity/Q2004243,
Eritrean Airlines,,"former, flag carrier",B8,ERT,Eritrea,http://www.eritrean.aero/,1991-01-01T00:00:00Z,,http://www.wikidata.org/entity/Q685418,
Ernest Airlines,,former,EG,ERN,Italy,https://flyernest.com,2016-01-01T00:00:00Z,2020-01-10T00:00:00Z,http://www.wikidata.org/entity/Q28225012,
Ethiopian Airlines,,flag carrier,ET,ETH,Ethiopia,https://www.ethiopianairlines.com,1945-01-01T00:00:00Z,,http://www.wikidata.org/entity/Q245233,
Etihad Airways,,flag carrier,EY,ETD,United Arab Emirates,https://www.etihad.com/,2003-01-01T00:00:00Z,,http://www.wikidata.org/entity/Q212304,
EuroAtlantic Airways,,,YU,MMZ,Portugal,http://www.flyeuroatlantic.pt/,1993-08-25T00:00:00Z,,http://www.wikidata.org/entity/Q618132,
EuroManx,,former,3W,EMX,Isle of Man,http://www.euromanx.com/,2002-01-01T00:00:00Z,2008-01-01T00:00:00Z,http://www.wikidata.org/entity/Q3060669,
Eurocypria Airlines,,former,UI,ECA,Cyprus,http://www.eurocypria.com,1992-01-01T00:00:00Z,2010-11-04T00:00:00Z,http://www.wikidata.org/entity/Q1270008,
Eurofly,,former,GJ,EEZ,Italy,http://www.eurofly.it,1989-01-01T00:00:00Z,2010-02-27T00:00:00Z,http://www.wikidata.org/entity/Q741093,
European Coastal Airlines,,former,WL,ECB,Croatia,http://www.ec-air.eu/,2000-01-01T00:00:00Z,2017-01-01T00:00:00Z,http://www.wikidata.org/entity/Q5412386,
Eurowings,,,"EW, E2, E6","EWG, EWE, EWL",Germany,https://www.eurowings.com/,1993-01-01T00:00:00Z,,http://www.wikidata.org/entity/Q168836,x
Iberojet,Evelop Airlines,,E9,EVE,Spain,https://www.iberojet.com/,2013-01-01T00:00:00Z,,http://www.wikidata.org/entity/Q15407859,
Everts Air,,,5V,VTS,United States,http://www.evertsair.com/,1977-01-01T00:00:00Z,,http://www.wikidata.org/entity/Q1382197,
Ewa Air,,,ZD,EWR,France,http://www.ewa-air.com/,2013-01-01T00:00:00Z,,http://www.wikidata.org/entity/Q15307945,
Express One International,,former,EO,LHN,United States,http://www.flyexpressone.com/,1983-01-01T00:00:00Z,,http://www.wikidata.org/entity/Q5421673,
ExpressJet,,former,EV,ASQ,United States,http://www.expressjet.com/,1986-01-01T00:00:00Z,,http://www.wikidata.org/entity/Q46676,
Far Eastern Air Transport,,former,FE,FEA,Taiwan,http://www.fat.com.tw/,1957-01-01T00:00:00Z,2019-12-13T00:00:00Z,http://www.wikidata.org/entity/Q704694,
FaroeJet,,former,F6,RCK,Faroe Islands,http://www.faroejet.fo,2005-01-01T00:00:00Z,2006-12-16T00:00:00Z,http://www.wikidata.org/entity/Q220587,
fastjet Zimbabwe,,,FN,FJW,Zimbabwe,http://www.fastjet.com,2015-01-01T00:00:00Z,,http://www.wikidata.org/entity/Q21096628,
Fiji Airways,Air Pacific,flag carrier,FJ,FJI,Fiji,http://www.fijiairways.com,1947-01-01T00:00:00Z,,http://www.wikidata.org/entity/Q407719,
Fiji Link,"Pacific Sun, Sunflower Airlines, Sun Air",,FJ,FJA,Fiji,https://www.fijiairways.com/,1980-01-01T00:00:00Z,,http://www.wikidata.org/entity/Q1319864,
Finnair,,flag carrier,AY,FIN,Finland,https://www.finnair.com/,1923-09-12T00:00:00Z,,http://www.wikidata.org/entity/Q201821,
Firefly,,,FY,FFM,Malaysia,http://www.fireflyz.com.my,2007-01-01T00:00:00Z,,http://www.wikidata.org/entity/Q1418913,
First Air,,former,7F,FAB,Canada,http://www.firstair.ca/,1946-01-01T00:00:00Z,2021-05-01T00:00:00Z,http://www.wikidata.org/entity/Q1419271,
Flair Airlines,Flair,,F8,FLE,Canada,https://flyflair.com/,2005-01-01T00:00:00Z,,http://www.wikidata.org/entity/Q4038797,x
Yute Air,Flight Alaska,former,4Y,TUD,United States,http://www.yuteair.net/,1955-01-01T00:00:00Z,2017-03-05T00:00:00Z,http://www.wikidata.org/entity/Q5459199,
Fly All Ways,,former,8W,EDR,Suriname,http://www.flyallways.com/,2014-01-01T00:00:00Z,,http://www.wikidata.org/entity/Q22234509,
Fly Baghdad,,,IF,FBA,Iraq,http://www.flybaghdad.net/,2015-01-01T00:00:00Z,,http://www.wikidata.org/entity/Q20165812,
Fly Blue Crane,,former,7B,FCO,South Africa,https://www.flybluecrane.com,,2017-03-09T00:00:00Z,http://www.wikidata.org/entity/Q21176160,
Fly Georgia,,former,9Y,FGE,Georgia,http://www.flygeorgia.com/,2011-01-01T00:00:00Z,2013-01-01T00:00:00Z,http://www.wikidata.org/entity/Q2342356,
Fly Jinnah,FJ,,9P,FJL,,https://www.flyjinnah.com,,,http://www.wikidata.org/entity/Q111915074,
Fly Lappeenranta,,former,8H,HWY,Finland,http://www.flylappeenranta.fi/index.php?sivu=etusivu&amp;kieli=en,2008-01-01T00:00:00Z,2010-01-01T00:00:00Z,http://www.wikidata.org/entity/Q3735800,
Fly Lili,,former,FL,LIL,Romania,https://flylili.com/,2020-01-01T00:00:00Z,,http://www.wikidata.org/entity/Q118899940,
Fly Salone,,"former, flag carrier",5L,,United Kingdom,https://web.archive.org/web/20160220081102/https://fly-salone.com/%7D%7D,2015-01-01T00:00:00Z,2016-03-18T00:00:00Z,http://www.wikidata.org/entity/Q21973642,
Fly Tiwi,,,FT,,Australia,http://www.flytiwi.com.au/main/page_home.html,2008-01-01T00:00:00Z,,http://www.wikidata.org/entity/Q5463222,
Fly91,,,IC,GOA,India,https://fly91.in/,,,http://www.wikidata.org/entity/Q118899173,
FlyArystan,,,FS,,Kazakhstan,https://flyarystan.com/,2018-01-01T00:00:00Z,,http://www.wikidata.org/entity/Q63044327,
FlyBosnia,,former,6W,FBS,Bosnia and Herzegovina,http://www.flybosnia.ba/,2017-11-01T00:00:00Z,,http://www.wikidata.org/entity/Q60614280,
FlyCongo,,former,EO,ALX,Democratic Republic of the Congo,http://flycongo.com/,1992-01-01T00:00:00Z,2012-10-01T00:00:00Z,http://www.wikidata.org/entity/Q31430,
FlyDamas,,former,4J,FDK,Syria,http://www.flydamas.com/,2013-01-01T00:00:00Z,,http://www.wikidata.org/entity/Q22935752,
FlyEgypt,,former,FT,FEG,Egypt,http://www.flyegypt.today/,2014-01-01T00:00:00Z,,http://www.wikidata.org/entity/Q22079859,
FlyMe,,,VP,VQI,Maldives,http://www.flyme.mv,2010-01-01T00:00:00Z,,http://www.wikidata.org/entity/Q5463088,
FlyMe,,former,SH,FLY,Sweden,http://www.flyme.com/,2003-01-01T00:00:00Z,2007-03-02T00:00:00Z,http://www.wikidata.org/entity/Q1434501,
FlyMontserrat,,,5M,MNT,United Kingdom,http://www.flymontserrat.com,2009-01-01T00:00:00Z,,http://www.wikidata.org/entity/Q1135063,
FlyNonstop,,former,J7,DNM,Norway,http://www.flynonstop.no/,2012-01-01T00:00:00Z,2013-01-01T00:00:00Z,http://www.wikidata.org/entity/Q3369355,
FlyNordic,,former,LF,NDC,Sweden,http://www.flynordic.com/,1996-01-01T00:00:00Z,2008-01-01T00:00:00Z,http://www.wikidata.org/entity/Q766724,
FlySafair,,,FA,SFR,South Africa,https://www.flysafair.co.za/,2013-01-01T00:00:00Z,,http://www.wikidata.org/entity/Q17053011,
FlyViking,,former,VF,FVK,Norway,http://www.flyviking.no/en,2016-01-01T00:00:00Z,2018-01-12T00:00:00Z,http://www.wikidata.org/entity/Q28407773,
Flybe,,former,BE,BEE,United Kingdom,http://www.flybe.com,1979-01-01T00:00:00Z,2020-03-05T00:00:00Z,http://www.wikidata.org/entity/Q283790,
Flyglobespan,,former,Y2,GSM,United Kingdom,http://www.flyglobespan.com,2002-01-01T00:00:00Z,2009-12-16T00:00:00Z,http://www.wikidata.org/entity/Q1434577,
Flynas,Nas Air,,XY,KNE,Saudi Arabia,http://www.flynas.com,2006-01-01T00:00:00Z,,http://www.wikidata.org/entity/Q1189080,
Flyr,,former,FS,FOX,Norway,https://www.flyr.no/,2020-08-14T00:00:00Z,2023-01-31T00:00:00Z,http://www.wikidata.org/entity/Q105720709,
Flyvista,,former,GT,AJD,Georgia,http://www.flyvista.aero,2014-01-01T00:00:00Z,2015-01-01T00:00:00Z,http://www.wikidata.org/entity/Q18396784,
FMI Air,,former,ND,FMI,Myanmar,http://www.fmiair.com,2012-01-01T00:00:00Z,,http://www.wikidata.org/entity/Q18355700,
Free Spirit Airlines,,,FS,FSA,Australia,http://www.freespiritairlines.com.au/,2015-01-01T00:00:00Z,,http://www.wikidata.org/entity/Q22079898,
Freebird Airlines,,,FH,FHY,Turkey,http://www.freebirdairlines.com,2001-01-01T00:00:00Z,,http://www.wikidata.org/entity/Q1453488,
Freedom Air,,former,FP,FRE,United States,http://www.freedomairguam.com/,1974-01-01T00:00:00Z,,http://www.wikidata.org/entity/Q5958659,
Freedom Air,,former,SJ,FOM,New Zealand,,,,https://www.wikidata.org/wiki/Q1188453,
French Bee,,,BF,FBU,France,https://www.frenchbee.com/,2016-01-01T00:00:00Z,,http://www.wikidata.org/entity/Q23979091,
Frontier Airlines,Frontier,,F9,FFT,United States,https://www.flyfrontier.com/,1994-01-01T00:00:00Z,,http://www.wikidata.org/entity/Q1139541,
Frontier Flying Service,,former,2F,FTA,United States,http://www.frontierflying.com/,1950-01-01T00:00:00Z,2014-01-01T00:00:00Z,http://www.wikidata.org/entity/Q4039036,
Fuji Dream Airlines,,,JH,FDA,Japan,http://www.fujidreamairlines.com,2008-01-01T00:00:00Z,,http://www.wikidata.org/entity/Q1318207,
Fuzhou Airlines,,,FU,FZA,People's Republic of China,http://www.fuzhou-air.cn/,2014-01-01T00:00:00Z,,http://www.wikidata.org/entity/Q17029919,
GB Airways,,former,GT,GBL,United Kingdom,http://www.gbairways.co.uk/,1931-01-01T00:00:00Z,2008-01-01T00:00:00Z,http://www.wikidata.org/entity/Q1484885,
GP Aviation,,,IV,GPX,Bulgaria,http://www.gp-aviation.net/,,,http://www.wikidata.org/entity/Q113381029,
GX Airlines,,,GX,CBG,People's Republic of China,http://www.gxairlines.com,2015-02-13T00:00:00Z,,http://www.wikidata.org/entity/Q20670962,
Gabon Airlines,,former,GY,GBK,Gabon,http://www.gabonairlines.com,2007-01-01T00:00:00Z,2011-01-01T00:00:00Z,http://www.wikidata.org/entity/Q1488702,
Gambia Bird,,"former, flag carrier",3G,GBQ,The Gambia,http://www.gambiabird.com,2012-01-01T00:00:00Z,2014-01-01T00:00:00Z,http://www.wikidata.org/entity/Q3094934,
Gambia International Airlines,,former,GC,GNR,The Gambia,http://www.gia.gm/,1996-01-01T00:00:00Z,2004-01-01T00:00:00Z,http://www.wikidata.org/entity/Q1428783,
Garuda Indonesia,,flag carrier,GA,GIA,Indonesia,https://www.garuda-indonesia.com/,1947-08-01T00:00:00Z,,http://www.wikidata.org/entity/Q512468,
Gazpromavia,,,4G,GZP,Russia,https://avia.gazprom.com/,1995-02-03T00:00:00Z,,http://www.wikidata.org/entity/Q2476367,
GeorgiaSkies,,former,LW,NMI,United States,http://www.flygeorgiaskies.com,2008-01-01T00:00:00Z,2013-03-31T00:00:00Z,http://www.wikidata.org/entity/Q975169,
Georgian Airways,Airzena,flag carrier,A9,TGZ,Georgia,https://www.georgian-airways.com/,2004-01-01T00:00:00Z,,http://www.wikidata.org/entity/Q909076,
Germania,,former,ST,GMI,Germany,http://www.flygermania.de/,1986-06-01T00:00:00Z,2019-02-05T00:00:00Z,http://www.wikidata.org/entity/Q699945,
Germanwings,,former,4U,GWI,Germany,https://www.germanwings.com,1996-01-01T00:00:00Z,2020-03-24T00:00:00Z,http://www.wikidata.org/entity/Q155038,
Gill Airways,Gill Air,former,9C,GIL,United Kingdom,http://www.gill-airways.com,1995-01-01T00:00:00Z,2001-09-20T00:00:00Z,http://www.wikidata.org/entity/Q5561881,
Globus,,former,GH,GLP,Russia,http://www.s7.ru,2008-01-01T00:00:00Z,,http://www.wikidata.org/entity/Q777034,
Go First,,former,G8,GOW,India,https://www.flygofirst.com/,2005-11-04T00:00:00Z,,http://www.wikidata.org/entity/Q1350144,
go!,,former,YV,ASH,United States,http://www.iflygo.com,2005-01-01T00:00:00Z,2014-04-01T00:00:00Z,http://www.wikidata.org/entity/Q289359,
Gol Linhas Aéreas Inteligentes,"GOL, Gol Transportes Aéreos",,G3,GLO,Brazil,http://www.voegol.com.br,2001-01-15T00:00:00Z,,http://www.wikidata.org/entity/Q691637,
Golden Myanmar Airlines,,former,Y5,GMR,Myanmar,http://gmairlines.com/,2012-01-01T00:00:00Z,2022-01-01T00:00:00Z,http://www.wikidata.org/entity/Q2945963,
Gomelavia,,former,YD,GOM,Belarus,http://wayback.archive.org/*/http://www.gomelavia.com/,1996-01-01T00:00:00Z,2011-01-01T00:00:00Z,http://www.wikidata.org/entity/Q980419,
Gorkha Airlines,,former,G1,IKA,Nepal,http://www.gorkhaairlines.com/,1996-01-01T00:00:00Z,,http://www.wikidata.org/entity/Q1001052,
GCA Airlines,Gran Colombia de Aviación,former,9A,GCA,Colombia,http://www.gcaair.com/,2017-01-01T00:00:00Z,2022-04-25T00:00:00Z,http://www.wikidata.org/entity/Q48784870,
Grand China Air,,,CN,GDC,People's Republic of China,https://www.grandchinaair.com,2007-01-01T00:00:00Z,,http://www.wikidata.org/entity/Q1542571,
Grant Aviation,,,GV,GUN,United States,http://www.flygrant.com,1971-01-01T00:00:00Z,,http://www.wikidata.org/entity/Q602941,
Great Dane Airlines,,former,DW,GDE,Denmark,https://greatdaneairlines.dk/,2018-01-01T00:00:00Z,2021-10-11T00:00:00Z,http://www.wikidata.org/entity/Q62059902,
Great Lakes Airlines,,former,ZK,GLA,United States,http://www.flygreatlakes.com,1977-01-01T00:00:00Z,,http://www.wikidata.org/entity/Q945493,
Grozny Avia,,former,ZG,GOZ,Russia,http://www.grozny-avia.ru/,2007-01-01T00:00:00Z,,http://www.wikidata.org/entity/Q5611790,
Gryphon Airlines,,former,6P,VOS,Kuwait,http://www.gryphonairlines.com/,,2012-01-01T00:00:00Z,http://www.wikidata.org/entity/Q5612437,
Gulf Air,,flag carrier,GF,GFA,Bahrain,https://www.gulfair.com,1950-01-01T00:00:00Z,,http://www.wikidata.org/entity/Q473231,
HK Express,,,UO,HKE,People's Republic of China,http://www.hkexpress.com,2004-01-01T00:00:00Z,,http://www.wikidata.org/entity/Q1365358,
Hageland Aviation Services,,former,H6,HAG,United States,http://www.hageland.com,1981-01-01T00:00:00Z,2008-01-01T00:00:00Z,http://www.wikidata.org/entity/Q4040339,
Hainan Airlines,,,HU,CHH,People's Republic of China,https://www.hainanairlines.com/,1989-01-01T00:00:00Z,,http://www.wikidata.org/entity/Q292428,
Halcyonair,,former,7Z,HCV,Cape Verde,http://www.flyhalcyonair.com/,2005-02-25T00:00:00Z,2013-01-01T00:00:00Z,http://www.wikidata.org/entity/Q967282,
Hapag-Lloyd Express,,former,X3,HLX,Germany,http://www.hlx.com/,2002-01-01T00:00:00Z,2007-01-01T00:00:00Z,http://www.wikidata.org/entity/Q699933,
Hapag-Lloyd Flug,Hapagfly,former,HF,HLF,Germany,http://www.hapagfly.com/,1972-01-01T00:00:00Z,2007-04-03T00:00:00Z,http://www.wikidata.org/entity/Q2915439,
Harbour Air,,,YB,,Canada,https://harbourair.com/,1981-01-01T00:00:00Z,,http://www.wikidata.org/entity/Q265578,x
Harmony Airways,,former,HQ,HMY,Canada,http://www.harmonyairways.com/,2002-01-01T00:00:00Z,2007-01-01T00:00:00Z,http://www.wikidata.org/entity/Q3127547,
Hawaiian Airlines,,subsidiary,HA,HAL,United States,https://www.hawaiianairlines.com/,1929-01-30T00:00:00Z,,http://www.wikidata.org/entity/Q642610,x
Hawkair,,former,BH,BHA,Canada,http://www.hawkair.ca,1994-01-01T00:00:00Z,2016-01-01T00:00:00Z,http://www.wikidata.org/entity/Q1369827,
Hebei Airlines,Northeast Airlines,,NS,"HBH, DBH",People's Republic of China,http://www.hbhk.com.cn/,2010-01-01T00:00:00Z,,http://www.wikidata.org/entity/Q1074422,
Heli Air Monaco,,"former, flag carrier",YO,MCM,Monaco,http://www.heliairmonaco.com,1976-01-01T00:00:00Z,,http://www.wikidata.org/entity/Q749069,
Helijet,,,JB,JBA,Canada,https://helijet.com/,1986-01-01T00:00:00Z,,http://www.wikidata.org/entity/Q4040522,
Helitt Líneas Aéreas,,former,H9,HTH,Spain,http://www.helitt.com,2010-01-01T00:00:00Z,2014-10-01T00:00:00Z,http://www.wikidata.org/entity/Q5706189,
Hellas Jet,,former,HJ,HEJ,Greece,http://www.hellas-jet.com/,2003-01-01T00:00:00Z,2010-01-01T00:00:00Z,http://www.wikidata.org/entity/Q1602691,
Hellenic Imperial Airways,,former,HT,IMP,Greece,http://www.hellenicairways.com,2006-01-01T00:00:00Z,2012-01-01T00:00:00Z,http://www.wikidata.org/entity/Q1602755,
Hello,,former,HW,FHE,Switzerland,http://www.hello.ch,2004-01-01T00:00:00Z,2012-01-01T00:00:00Z,http://www.wikidata.org/entity/Q673666,
Helvetic Airways,Odette Airways,,2L,OAW,Switzerland,http://www.helvetic.com,2003-01-01T00:00:00Z,,http://www.wikidata.org/entity/Q152490,
Hermes Aviation,"flyhermes.com, Fly Hermes ",former,H3,HME,Malta,http://www.flyhermes.com,2014-01-01T00:00:00Z,2015-01-01T00:00:00Z,http://www.wikidata.org/entity/Q18578785,
Hex'Air,,former,UD,HER,France,http://www.hexair.com,1991-01-01T00:00:00Z,2016-01-01T00:00:00Z,http://www.wikidata.org/entity/Q776114,
Hi Air,,former,4H,HGG,South Korea,https://www.hi-airlines.com/,2017-01-01T00:00:00Z,,http://www.wikidata.org/entity/Q65310789,
HiSky,,,"H7, H4","HYM, HYS",Moldova,https://www.hisky.md/,2019-01-01T00:00:00Z,,http://www.wikidata.org/entity/Q87656572,
Himalaya Airlines,,,H9,HIM,Nepal,http://www.himalaya-airlines.com/,2014-01-01T00:00:00Z,,http://www.wikidata.org/entity/Q18349505,
Hinterland Aviation,,,OI,HND,Australia,http://www.hinterlandaviation.com.au/,1984-01-01T00:00:00Z,,http://www.wikidata.org/entity/Q14628842,
Hokkaido Air System,,subsidiary,6L,NTH,Japan,https://www.info.hac-air.co.jp/,1997-01-01T00:00:00Z,,http://www.wikidata.org/entity/Q1188206,
HolidayJet,,former,GM,GSW,Switzerland,http://www.holidayjet.ch/de/,,2015-11-01T00:00:00Z,http://www.wikidata.org/entity/Q20890046,
Hong Kong Airlines,,former,HX,CRK,People's Republic of China,http://www.hongkongairlines.com,2001-03-28T00:00:00Z,,http://www.wikidata.org/entity/Q1035195,
Horizon Air,,subsidiary,QX,QXE,United States,http://www.horizonair.com/,1981-01-01T00:00:00Z,,http://www.wikidata.org/entity/Q1200062,
Hunnu Air,,,MR,MML,Mongolia,https://www.hunnuair.com/,2011-01-01T00:00:00Z,,http://www.wikidata.org/entity/Q904069,
IBC Airways,,,II,CSQ,United States,http://www.ibcairways.com/,1991-01-01T00:00:00Z,,http://www.wikidata.org/entity/Q14628804,
IRS Airlines,,former,IS,LVB,Nigeria,http://www.flyirsairlines.com/,2002-01-01T00:00:00Z,,http://www.wikidata.org/entity/Q2341726,
ITA Airways,,flag carrier,AZ,ITY,Italy,https://www.ita-airways.com/,2020-11-11T00:00:00Z,,http://www.wikidata.org/entity/Q108251249,
IZair,,former,4I,IZM,Turkey,http://www.izair.com.tr/,2005-01-01T00:00:00Z,,http://www.wikidata.org/entity/Q140587,
Iberia,,,IB,IBE,Spain,https://www.iberia.com/,1927-01-01T00:00:00Z,,http://www.wikidata.org/entity/Q187972,
Iberia Express,,subsidiary,I2,IBS,Spain,http://www.iberiaexpress.com,2011-10-06T00:00:00Z,,http://www.wikidata.org/entity/Q1655820,
Ibex Airlines,,,FW,IBX,Japan,https://www.ibexair.co.jp/,1999-01-01T00:00:00Z,,http://www.wikidata.org/entity/Q1340730,
Icaro Air,,former,X8,ICD,Ecuador,http://www.icaro.aero/,,2011-01-01T00:00:00Z,http://www.wikidata.org/entity/Q848845,
Icelandair,,flag carrier,FI,ICE,Iceland,http://www.icelandair.com,1937-01-01T00:00:00Z,,http://www.wikidata.org/entity/Q216645,
Ikar,Pegas Fly,,IK,KAR,Russia,https://ikar.aero,2013-01-01T00:00:00Z,,http://www.wikidata.org/entity/Q5995362,
Imair Airlines,,former,IK,ITX,Azerbaijan,http://www.imair.com,1994-10-06T00:00:00Z,2009-11-23T00:00:00Z,http://www.wikidata.org/entity/Q633436,
Impulse Airlines,,former,VQ,"IPU, OAA",Australia,http://www.impulseairlines.com.au,1992-01-01T00:00:00Z,2004-05-24T00:00:00Z,http://www.wikidata.org/entity/Q6007970,
Independence Air,,former,DH,IDE,United States,http://www.flyi.com,1989-01-01T00:00:00Z,2006-01-05T00:00:00Z,http://www.wikidata.org/entity/Q638066,
IndiGo,,,6E,IGO,India,https://www.goindigo.in,2005-01-01T00:00:00Z,,http://www.wikidata.org/entity/Q1057110,
Indian Airlines,Indian,former,IC,IAC,India,http://indian-airlines.nic.in,1953-01-01T00:00:00Z,2011-02-27T00:00:00Z,http://www.wikidata.org/entity/Q876323,
Indonesia Air Transport,,,I8,IDA,Indonesia,http://www.indonesia-air.com/,1968-01-01T00:00:00Z,,http://www.wikidata.org/entity/Q3106812,
Indonesia AirAsia,Awair,,QZ,AWQ,Indonesia,https://www.airasia.com/en/gb,2004-01-01T00:00:00Z,,http://www.wikidata.org/entity/Q745971,
Insel Air,,"former, flag carrier",7I,INC,Curaçao,http://www.fly-inselair.com/,1993-01-01T00:00:00Z,2017-06-07T00:00:00Z,http://www.wikidata.org/entity/Q1664413,
Int'Air Îles,,former,I7,IIA,Comoros,http://www.inter-iles-air.com/,2007-01-01T00:00:00Z,,http://www.wikidata.org/entity/Q21924765,
InterCaribbean Airways,"InterIsland Airways, Air Turks & Caicos",,JY,IWY,Turks and Caicos Islands,https://www.intercaribbean.com/,,,http://www.wikidata.org/entity/Q4698234,
InterSky,,former,3L,ISK,Germany,http://www.flyintersky.com/,2001-01-01T00:00:00Z,2015-11-05T00:00:00Z,http://www.wikidata.org/entity/Q698132,
Interair South Africa,Inter Air Lines,,D6,ILN,South Africa,http://www.interair.co.za/,1993-01-01T00:00:00Z,,http://www.wikidata.org/entity/Q1188334,
Interjet,Inerjet Airlines,former,4O,AIJ,Mexico,http://www.interjet.com,2005-01-01T00:00:00Z,2020-12-01T00:00:00Z,http://www.wikidata.org/entity/Q1115295,
Interlink Airlines,,former,ID,ITK,South Africa,http://www.flyinterlink.co.za//,1997-01-01T00:00:00Z,2010-01-01T00:00:00Z,http://www.wikidata.org/entity/Q2668544,
IrAero,,,IO,IAE,Russia,https://iraero.ru/,1999-01-01T00:00:00Z,,http://www.wikidata.org/entity/Q2033681,
Iraqi Airways,,flag carrier,IA,IAW,Iraq,http://www.iraqiairways.com.iq,1946-01-28T00:00:00Z,,http://www.wikidata.org/entity/Q853937,
Irtysh Air,,former,IH,MZA,Kazakhstan,http://www.irtyshair.kz/,2007-04-22T00:00:00Z,2013-01-01T00:00:00Z,http://www.wikidata.org/entity/Q4041621,
Island Air,Hawaii Island Air,former,WP,MKU,United States,http://www.islandair.com/,1980-01-01T00:00:00Z,,http://www.wikidata.org/entity/Q2601293,
Islas Airways,Islas Líneas Aéreas,former,IF,ISW,Spain,http://www.islasairways.com/,2002-01-01T00:00:00Z,2012-10-15T00:00:00Z,http://www.wikidata.org/entity/Q516933,
Isles of Scilly Skybus,,,5Y,IOS,United Kingdom,http://www.islesofscilly-travel.co.uk/travel-information/skybus/,1984-01-01T00:00:00Z,,http://www.wikidata.org/entity/Q1371800,
Israir Airlines,,,6H,ISR,Israel,https://www.israir.co.il/,1989-01-01T00:00:00Z,,http://www.wikidata.org/entity/Q558002,
ItAli Airlines,,former,"9X, FS",ACL,Italy,https://web.archive.org/web/20080713115830/http://www.italiweb.it/,2003-01-01T00:00:00Z,2011-03-11T00:00:00Z,http://www.wikidata.org/entity/Q1675000,
Izhavia,,,I8,IZA,Russia,http://www.izhavia.su/,1992-01-01T00:00:00Z,,http://www.wikidata.org/entity/Q2671876,
J-Air,,subsidiary,XM,JLJ,Japan,http://www.jair.co.jp,1996-08-08T00:00:00Z,,http://www.wikidata.org/entity/Q1188326,
JAL Express,,subsidiary,JC,JEX,Japan,http://www.jal.co.jp/jex,1997-04-01T00:00:00Z,2014-09-30T00:00:00Z,http://www.wikidata.org/entity/Q1317186,
JALways,,former,JO,JAZ,Japan,http://www.jalways.co.jp/english,1990-01-01T00:00:00Z,2010-12-01T00:00:00Z,http://www.wikidata.org/entity/Q1319224,
JC International Airlines,,former,QD,JCC,Cambodia,https://www.jcairlines.com/,2014-01-01T00:00:00Z,2023-02-28T00:00:00Z,http://www.wikidata.org/entity/Q29017843,
Jamaica Air Shuttle,,former,J6,ARW,Jamaica,http://www.jamaicaairshuttle.com/,2009-01-01T00:00:00Z,2013-06-19T00:00:00Z,http://www.wikidata.org/entity/Q6127260,
Jambojet,,,JM,KQA,Kenya,http://www.jambojet.com,2013-01-01T00:00:00Z,,http://www.wikidata.org/entity/Q17092819,
Japan Air Commuter,,subsidary,JC,JAC,Japan,https://www.jac.co.jp/,1983-01-01T00:00:00Z,,http://www.wikidata.org/entity/Q1191485,
Japan Air System,Japan Airlines Domestic,former,JD,JAS,Japan,http://www.jas.co.jp/,1988-04-01T00:00:00Z,2006-10-01T00:00:00Z,http://www.wikidata.org/entity/Q1138263,
Japan Airlines,,,JL,JAL,Japan,https://www.jal.co.jp/jp/,1951-08-01T00:00:00Z,,http://www.wikidata.org/entity/Q213140,x
Japan Asia Airways,,"former, subsidiary",EG,JAA,Japan,http://www.japanasia.co.jp/,1975-01-01T00:00:00Z,2008-01-01T00:00:00Z,http://www.wikidata.org/entity/Q702200,
Japan Transocean Air,,subsidiary,NU,JTA,Japan,https://en.jta-okinawa.com/,1993-07-01T00:00:00Z,,http://www.wikidata.org/entity/Q574659,
Jat Airways,JatAirways,"former, flag carrier",JU,JAT,Serbia,http://www.Jat.com,1927-06-17T00:00:00Z,2013-10-26T00:00:00Z,http://www.wikidata.org/entity/Q12428657,
Jazeera Airways,,,J9,JZR,Kuwait,http://www.jazeeraairways.com,2005-01-01T00:00:00Z,,http://www.wikidata.org/entity/Q1064048,
Jeju Air,,,7C,JJA,South Korea,http://www.jejuair.net,2005-01-01T00:00:00Z,,http://www.wikidata.org/entity/Q482642,
Jet Airways,Jet Airways Limited,former,9W,JAI,India,http://www.jetairways.com,1992-01-01T00:00:00Z,2019-04-17T00:00:00Z,http://www.wikidata.org/entity/Q727066,
Jet Asia Airways,,former,JF,JAA,Thailand,http://flyjetasia.com,2009-01-01T00:00:00Z,,http://www.wikidata.org/entity/Q4924268,
Jet2.com,,,LS,EXS,United Kingdom,https://www.jet2.com/,2002-01-01T00:00:00Z,,http://www.wikidata.org/entity/Q1140807,
JetBlue Airways,JetBlue,,B6,JBU,United States,https://www.jetblue.com/,1999-01-01T00:00:00Z,,http://www.wikidata.org/entity/Q161086,x
JetGo Australia,,former,JG,JGO,Australia,https://www.jetgoapp.com/,2011-01-01T00:00:00Z,2018-07-05T00:00:00Z,http://www.wikidata.org/entity/Q6188753,
JetLite,"Sahara India Airlines, Air Sahara",former,S2,JLL,India,http://www.jetlite.com,1991-01-01T00:00:00Z,2012-01-01T00:00:00Z,http://www.wikidata.org/entity/Q1048418,
JetSmart,,,JA,JAT,Chile,https://jetsmart.com/cl/es/,2016-01-01T00:00:00Z,,http://www.wikidata.org/entity/Q30106175,
JetSmart Argentina,,subsidiary,WJ,JES,Argentina,https://www.jetsmart.com/ar/es/,,,http://www.wikidata.org/entity/Q73246554,
Jetconnect,,"former, subsidiary",QF,QNZ,New Zealand,http://www.qantas.com/nz/en.html,2002-01-01T00:00:00Z,,http://www.wikidata.org/entity/Q1022138,
Jetsgo,,former,SG,JGO,Canada,http://www.jetsgo.net/,2001-01-01T00:00:00Z,2005-01-01T00:00:00Z,http://www.wikidata.org/entity/Q1688507,
Jetstar Airways,,,JQ,JST,Australia,https://www.jetstar.com/au/en/,2003-01-01T00:00:00Z,,http://www.wikidata.org/entity/Q767627,x
Jetstar Asia Airways,,"former, subsidiary",3K,JSA,Singapore,http://www.jetstar.com,2004-01-01T00:00:00Z,,http://www.wikidata.org/entity/Q935837,
Jetstar Japan,,subsidiary,GK,JJP,Japan,http://www.jetstar.com/jp/ja/home,2011-01-01T00:00:00Z,,http://www.wikidata.org/entity/Q117433,
Jiangxi Air,,,RY,CJX,People's Republic of China,http://www.airjiangxi.com/,2014-01-01T00:00:00Z,,http://www.wikidata.org/entity/Q18118709,
Jin Air,,,LJ,JNA,South Korea,http://www.jinair.com/,2008-01-01T00:00:00Z,,http://www.wikidata.org/entity/Q484872,
Joy Air,,former,JR,JOY,People's Republic of China,http://www.joy-air.com/,2008-01-01T00:00:00Z,,http://www.wikidata.org/entity/Q1709999,
Jubba Airways,,,6J,JUB,Somalia,http://www.jubbaairways.com,1998-05-01T00:00:00Z,,http://www.wikidata.org/entity/Q1517108,
K-Mile Air,,,8K,KMI,Thailand,http://www.k-mile.com/,2006-01-01T00:00:00Z,,http://www.wikidata.org/entity/Q6322722,
KLM,,flag carrier,KL,KLM,Netherlands,https://www.klm.com,1919-10-07T00:00:00Z,,http://www.wikidata.org/entity/Q181912,x
KLM Cityhopper,,subsidiary,WA,KLC,Netherlands,http://www.klmcityhopper.nl/,1991-01-01T00:00:00Z,,http://www.wikidata.org/entity/Q1061296,
KLM uk,,"former, subsidiary",UK,UKA,United Kingdom,http://www.klmuk.co.uk,1998-01-01T00:00:00Z,2002-11-01T00:00:00Z,http://www.wikidata.org/entity/Q1826431,
KM Malta Airlines,,flag carrier,KM,KMM,Malta,https://kmmaltairlines.com,2023-01-01T00:00:00Z,,http://www.wikidata.org/entity/Q123144232,
Kalstar Aviation,,former,KD,KLS,Indonesia,http://www.kalstaronline.com,2000-01-01T00:00:00Z,2017-11-30T00:00:00Z,http://www.wikidata.org/entity/Q4209483,
Kam Air,,,RQ,KMF,Afghanistan,https://www.kamair.com/,2003-01-01T00:00:00Z,,http://www.wikidata.org/entity/Q597485,
Kan Air,,former,K8,KND,Thailand,http://kanairlines.com,2010-01-01T00:00:00Z,,http://www.wikidata.org/entity/Q1332203,
Kang Pacific Airlines,,former,T7,KPA,United Arab Emirates,http://www.flykpa.com/,2006-01-01T00:00:00Z,2008-01-01T00:00:00Z,http://www.wikidata.org/entity/Q6362271,
Karinou Airlines,African Airlines,,U5,KRN,Central African Republic,http://www.centrafricair.com,2012-01-01T00:00:00Z,,http://www.wikidata.org/entity/Q14628886,
Kartika Airlines,,former,3Y,KAE,Indonesia,http://www.kartika-airlines.com/,2001-01-01T00:00:00Z,2010-01-01T00:00:00Z,http://www.wikidata.org/entity/Q2405297,
Kato Airline,,former,6S,KAT,Norway,http://www.katoair.no,1995-01-01T00:00:00Z,2008-01-01T00:00:00Z,http://www.wikidata.org/entity/Q6377732,
Kaya Airlines,"Sabin Air, Transairways",former,IK,KYY,Mozambique,https://www.kayaairlines.com/,1991-01-01T00:00:00Z,,http://www.wikidata.org/entity/Q1526739,
Keewatin Air,Kivalliq Air,former,FK,KEW,Canada,http://www.kivalliqair.com,1972-01-01T00:00:00Z,,http://www.wikidata.org/entity/Q4042123,
Kenmore Air,,,M5,KEN,United States,http://www.kenmoreair.com/,1946-01-01T00:00:00Z,,http://www.wikidata.org/entity/Q3195152,
Kenn Borek Air,,,4K,KBA,Canada,http://www.borekair.com,1970-01-01T00:00:00Z,,http://www.wikidata.org/entity/Q1738781,
Kenya Airways,,flag carrier,KQ,KQA,Kenya,http://www.kenya-airways.com/,1977-01-01T00:00:00Z,,http://www.wikidata.org/entity/Q638900,
Key Lime Air,,,KG,LYM,United States,https://www.keylimeair.com/,1997-01-01T00:00:00Z,,http://www.wikidata.org/entity/Q6398060,
Khalifa Airways,,former,K6,KZW,Algeria,http://khalifaairways-dz.com,1999-01-01T00:00:00Z,2003-01-01T00:00:00Z,http://www.wikidata.org/entity/Q3196022,
Kiwi International Air Lines,,,KP,KIA,United States,https://www.kiwi.com,1992-01-01T00:00:00Z,1999-03-24T00:00:00Z,http://www.wikidata.org/entity/Q6418891,
Komiaviatrans,,,KO,KMA,Russia,http://www.komiaviatrans.ru/,1998-01-01T00:00:00Z,,http://www.wikidata.org/entity/Q5960390,
Komiinteravia,,former,8J,KMV,Russia,http://www.komi.com/avia.asp,1996-01-01T00:00:00Z,2006-01-01T00:00:00Z,http://www.wikidata.org/entity/Q2005065,
KoralBlue Airlines,,former,K7,KBR,Egypt,http://www.flykoralblue.com/,2006-01-01T00:00:00Z,2011-01-01T00:00:00Z,http://www.wikidata.org/entity/Q1749478,
KrasAvia,"Turin Airline, Evenkia Avia",,KI,KRS,Russia,http://www.krasavia.ru,1956-01-01T00:00:00Z,,http://www.wikidata.org/entity/Q6436151,
Kunming Airlines,,,KY,KNA,People's Republic of China,http://www.airkunming.com/,2005-01-01T00:00:00Z,,http://www.wikidata.org/entity/Q1388103,
Kuwait Airways,,flag carrier,KU,KAC,Kuwait,http://www.kuwaitairways.com,1954-01-01T00:00:00Z,,http://www.wikidata.org/entity/Q860389,
Kyrgyzstan Air Company,Air Kyrgyzstan,"former, flag carrier",QH,LYN,Kyrgyzstan,https://airkyrgyzstan.kg,2001-01-01T00:00:00Z,2019-01-01T00:00:00Z,http://www.wikidata.org/entity/Q1786701,
L'Avion,,former,A0,AVI,France,http://www.lavion.com,2007-01-01T00:00:00Z,2009-01-01T00:00:00Z,http://www.wikidata.org/entity/Q1880638,
L.A.B. Flying Service,,former,JF,LAB,United States,http://www.labflying.com/,1956-01-01T00:00:00Z,2008-01-01T00:00:00Z,http://www.wikidata.org/entity/Q6456180,
LAM Mozambique Airlines,,flag carrier,TM,LAM,Mozambique,https://www.lam.co.mz/,1936-08-26T00:00:00Z,,http://www.wikidata.org/entity/Q1156479,
LATAM Airlines,"LATAM, LATAM Airlines Chile, LAN Airlines, LAN Chile",,LA,"LAN, LXP",Chile,http://www.latam.com,1929-03-05T00:00:00Z,2016-05-05T00:00:00Z,http://www.wikidata.org/entity/Q9018213,
LASER Airlines,,,QL,LER,Venezuela,https://www.laserairlines.com/,1994-01-01T00:00:00Z,,http://www.wikidata.org/entity/Q548133,
LATAM Airlines Colombia,"LAN Columbia, AIRES",,4C,ARE,Colombia,https://www.latam.com/es_co/,1980-10-02T00:00:00Z,,http://www.wikidata.org/entity/Q408655,
LATAM Brasil,"TAM, TAM Linhas Aéreas",,JJ,TAM,Brazil,https://www.latam.com/pt_br/,1961-01-01T00:00:00Z,,http://www.wikidata.org/entity/Q690789,
LIAT,Leeward Islands Air Transport Services,former,LI,LIA,Antigua and Barbuda,http://www.liat.com/,1956-01-01T00:00:00Z,2024-01-24T00:00:00Z,http://www.wikidata.org/entity/Q618062,
LJ Air,Longjiang Airlines,,LT,SNG,People's Republic of China,https://www.longjianghk.com/,2014-01-01T00:00:00Z,,http://www.wikidata.org/entity/Q29017885,
LOT Polish Airlines,Polskie Linie Lotnicze LOT,flag carrier,LO,LOT,Poland,https://www.lot.com,1929-01-01T00:00:00Z,,http://www.wikidata.org/entity/Q204268,
LTU International,,former,LT,LTU,Germany,http://www.ltu.com/,1955-01-01T00:00:00Z,2011-01-01T00:00:00Z,http://www.wikidata.org/entity/Q707568,
La Compagnie,,,B0,DJT,France,https://www.lacompagnie.com,2013-01-01T00:00:00Z,,http://www.wikidata.org/entity/Q18121467,
Landsflug,,former,X9,ISL,Iceland,http://www.landsflug.is/,2003-01-01T00:00:00Z,2008-01-01T00:00:00Z,http://www.wikidata.org/entity/Q6485153,
Lanexang Airways International,,,5A,LXW,Laos,https://lxairways.com/,2021-01-01T00:00:00Z,,http://www.wikidata.org/entity/Q125769539,
Lanmei Airlines,,former,LQ,MKR,Cambodia,http://www.lanmeiairlines.com/,2016-01-01T00:00:00Z,,http://www.wikidata.org/entity/Q39059591,
Lao Skyway,Lao Air,,LK,LLL,Laos,http://www.laoskyway.com,2002-01-01T00:00:00Z,,http://www.wikidata.org/entity/Q5241204,
Lao Airlines,,flag carrier,QV,LAO,Laos,http://www.laoairlines.com/,1976-01-01T00:00:00Z,,http://www.wikidata.org/entity/Q756172,
Lao Central Airlines,,former,LF,LKA,Laos,http://www.flylaocentral.com,2010-01-01T00:00:00Z,2014-01-01T00:00:00Z,http://www.wikidata.org/entity/Q3705093,
Lauda Air,,former,NG,LDA,Austria,http://www.laudaair.com,1979-01-01T00:00:00Z,2013-04-01T00:00:00Z,http://www.wikidata.org/entity/Q1807298,
Lauda,Laudamotion,former,OE,LDM,Austria,https://www.laudamotion.com/,2004-01-01T00:00:00Z,2020-10-01T00:00:00Z,http://www.wikidata.org/entity/Q472129,
Leav Aviation,,,KK,NGN,Germany,http://leav.com/,2020-01-01T00:00:00Z,,http://www.wikidata.org/entity/Q112106752,
Level,,,LL,LVL,Spain,http://www.flylevel.com,2017-03-17T00:00:00Z,,http://www.wikidata.org/entity/Q28955954,
Liat Air,,,5L,GAO,Antigua and Barbuda,https://www.flyliat20.com/,,,http://www.wikidata.org/entity/Q129906267,
Libyan Airlines,Libyan Arab Airlines,flag carrier,LN,LAA,Libya,http://www.libyanairlines.aero,1965-01-01T00:00:00Z,,http://www.wikidata.org/entity/Q1056939,
Libyan Wings,,,YL,LWA,Libya,http://libyanwings.ly/,,,http://www.wikidata.org/entity/Q27967075,
Link Airways,Fly Corporate,,FC,,Australia,https://www.linkairways.com/,2016-01-01T00:00:00Z,,http://www.wikidata.org/entity/Q28129782,
Links Air,,former,W2,LNQ,United Kingdom,http://www.linksair.co.uk/,1983-01-01T00:00:00Z,2016-04-01T00:00:00Z,http://www.wikidata.org/entity/Q16996364,
Lion Air,,,JT,LNI,Indonesia,http://www.lionair.co.id/,1999-01-01T00:00:00Z,,http://www.wikidata.org/entity/Q1056794,
Livingston Compagnia Aerea,,former,JN,NLV,Italy,http://www.livingstonair.it,2011-01-01T00:00:00Z,2014-01-01T00:00:00Z,http://www.wikidata.org/entity/Q1140941,
Livingston Energy Flight,,former,LM,LVG,Italy,http://www.livingstonair.it,2003-01-01T00:00:00Z,2010-10-14T00:00:00Z,http://www.wikidata.org/entity/Q1810797,
Lloyd Aéreo Boliviano,LAB Bolivian Airlines,"former, flag carrier",LB,LLB,Bolivia,http://www.labairlines.com.bo,1925-01-01T00:00:00Z,2010-01-01T00:00:00Z,http://www.wikidata.org/entity/Q749332,
Loganair,,,LM,LOG,United Kingdom,http://www.loganair.co.uk,1962-01-01T00:00:00Z,,http://www.wikidata.org/entity/Q934983,
Lucky Air,,,8L,LKE,People's Republic of China,http://www.luckyair.net/,2004-01-01T00:00:00Z,,http://www.wikidata.org/entity/Q1873733,
German Airways,"Luftfahrtgesellschaft Walter, LGW",former,HE,LGW,Germany,https://germanairways.com,1980-01-01T00:00:00Z,2020-01-01T00:00:00Z,http://www.wikidata.org/entity/Q164222,
Lufthansa,Lufthansa Regional,,LH,DLH,Germany,https://www.lufthansa.com/,1926-01-01T00:00:00Z,,http://www.wikidata.org/entity/Q9325,x
Lufthansa City,Lufthansa City Airlines,,VL,LHX,Germany,https://www.lufthansa-city.com/,2023-01-01T00:00:00Z,,http://www.wikidata.org/entity/Q117191656,
Lufthansa CityLine,,,CL,CLH,Germany,http://www.lufthansacityline.com/,1958-06-17T00:00:00Z,,http://www.wikidata.org/entity/Q162189,
Lufthansa Italia,,former,LU,LIT,Germany,http://italia.lufthansa.com,2008-11-27T00:00:00Z,2011-10-29T00:00:00Z,http://www.wikidata.org/entity/Q688359,
Lufttransport,,,L5,LTR,Norway,http://www.lufttransport.no,1955-01-01T00:00:00Z,,http://www.wikidata.org/entity/Q1783295,
Lugansk Airlines,,,"LE, L7",LHS,Ukraine,http://www.avia.lg.ua/,2003-01-01T00:00:00Z,2010-01-01T00:00:00Z,http://www.wikidata.org/entity/Q2456947,
Lumiwings,,former,LW,LWI,Greece,https://www.lumiwings.com/,2017-01-01T00:00:00Z,,http://www.wikidata.org/entity/Q56295142,
Luxair,,flag carrier,LG,LGL,Luxembourg,http://www.luxair.lu/,1961-10-21T00:00:00Z,,http://www.wikidata.org/entity/Q726813,
Lviv Airlines,,former,5V,UKW,Ukraine,http://www.avia.lviv.ua/,1992-01-01T00:00:00Z,2009-01-01T00:00:00Z,http://www.wikidata.org/entity/Q2548398,
Amas Bolivia,Línea Aérea Amaszonas,former,Z8,AZN,Bolivia,http://www.amaszonas.com,1998-01-01T00:00:00Z,,http://www.wikidata.org/entity/Q1320877,
Línea Aérea Cuencana,,former,L5,LAC,Ecuador,http://www.lacecuador.com,2012-01-01T00:00:00Z,,http://www.wikidata.org/entity/Q14924297,
Líneas Aéreas Azteca,,former,ZE,LCD,Mexico,http://www.aazteca.com.mx,2000-01-01T00:00:00Z,2007-01-01T00:00:00Z,http://www.wikidata.org/entity/Q3089158,
Common Sky,MAPJet,,AQ,MPJ,Austria,http://www.mapjet.biz/,2010-01-01T00:00:00Z,,http://www.wikidata.org/entity/Q1881168,
AirBorneo,MASwings,,MY,MWG,Malaysia,http://www.maswings.com.my,2007-01-01T00:00:00Z,,http://www.wikidata.org/entity/Q768164,
MAT Airways,,,6F,MKD,North Macedonia,http://www.matairways.mk/,2010-01-01T00:00:00Z,2011-01-01T00:00:00Z,http://www.wikidata.org/entity/Q1996496,
MAT Macedonian Airlines,,"former, flag carrier",IN,MAK,North Macedonia,http://www.mat.com.mk/,1994-01-01T00:00:00Z,2009-09-01T00:00:00Z,http://www.wikidata.org/entity/Q601583,
MAVIAL Magadan Airlines,,former,H5,MVL,Russia,http://mavial.magtrk.ru,1993-01-01T00:00:00Z,2006-01-01T00:00:00Z,http://www.wikidata.org/entity/Q2526273,
MAYAir,,,5G,MYI,Mexico,http://mayair.com.mx,1994-01-01T00:00:00Z,,http://www.wikidata.org/entity/Q11217915,
MDLR Airlines,,former,9H,MDL,India,http://www.mdlrairlines.in,2007-01-01T00:00:00Z,2009-11-05T00:00:00Z,http://www.wikidata.org/entity/Q1789933,
MIAT Mongolian Airlines,,flag carrier,OM,MGL,Mongolia,https://miat.com,1956-01-01T00:00:00Z,,http://www.wikidata.org/entity/Q564717,
MNG Airlines,,former,MB,MNB,Turkey,http://www.mngairlines.com,1996-01-01T00:00:00Z,,http://www.wikidata.org/entity/Q1881674,
Maersk Air,,former,DM,DAN,Denmark,http://www.maersk-air.com,1969-01-01T00:00:00Z,2005-01-01T00:00:00Z,http://www.wikidata.org/entity/Q1754153,
Mahalo Air,,former,8M,MLH,United States,http://www.islander-magazine.com/mahaloschedule.html,1993-01-01T00:00:00Z,1997-01-01T00:00:00Z,http://www.wikidata.org/entity/Q6732970,
Mahan Air,Mahan Airlines,,W5,IRM,Iran,https://www.mahan.aero/en/,1991-01-01T00:00:00Z,,http://www.wikidata.org/entity/Q1149762,
Mainland Air,,,MD,,New Zealand,http://www.mainlandair.com/,,,http://www.wikidata.org/entity/Q6736659,
Malawi Airlines,,flag carrier,3W,MWI,Malawi,https://www.malawian-airlines.com/,2013-01-01T00:00:00Z,,http://www.wikidata.org/entity/Q14628879,
Malaysia Airlines,,flag carrier,MH,MAS,Malaysia,https://www.malaysiaairlines.com/,1972-09-30T00:00:00Z,,http://www.wikidata.org/entity/Q308952,
Maldivian,,flag carrier,Q2,DQA,Maldives,http://www.maldivian.aero/,2000-01-01T00:00:00Z,,http://www.wikidata.org/entity/Q1691909,
Maluti Sky,,former,7D,MSU,Lesotho,http://www.flymalutisky.com/,2009-01-01T00:00:00Z,2017-01-01T00:00:00Z,http://www.wikidata.org/entity/Q23779117,
Tigerair Mandala,Mandala Airlines,former,RI,MDL,Indonesia,http://www.tigerair.com/id/en/,1969-01-01T00:00:00Z,,http://www.wikidata.org/entity/Q1198815,
Mandarin Airlines,,,AE,MDA,Taiwan,https://www.mandarin-airlines.com/,1991-05-15T00:00:00Z,,http://www.wikidata.org/entity/Q1150302,
Mango,,former,JE,MNO,South Africa,http://www.flymango.com/,2006-01-01T00:00:00Z,,http://www.wikidata.org/entity/Q116595,
marabu,,,DI,MBU,Estonia,https://flymarabu.com/,2022-12-13T00:00:00Z,,http://www.wikidata.org/entity/Q116939897,
Marsland Aviation,,former,M7,MSL,Sudan,http://www.marsland-avi.com/,2001-01-01T00:00:00Z,2013-11-01T00:00:00Z,http://www.wikidata.org/entity/Q286357,
Martinair,,former,MP,MPH,Netherlands,http://www.martinair.com/,1958-01-01T00:00:00Z,,http://www.wikidata.org/entity/Q426851,x
Mauritania Airlines,Mauritania Airlines International,flag carrier,L6,MAI,Mauritania,https://www.mauritaniaairlines.mr,2010-01-01T00:00:00Z,,http://www.wikidata.org/entity/Q3852483,
Maya Island Air,,,2M,MYD,Belize,http://www.mayaislandair.com/,1962-01-01T00:00:00Z,,http://www.wikidata.org/entity/Q1370452,
Med-View Airline,,former,VL,MEV,Nigeria,http://www.medviewairline.com/,2007-01-01T00:00:00Z,,http://www.wikidata.org/entity/Q2343605,
Mega Maldives,MEGA Maldives Airlines,former,LV,MEG,Maldives,http://www.megamaldivesair.com,2010-01-01T00:00:00Z,2017-05-02T00:00:00Z,http://www.wikidata.org/entity/Q4207229,
Meridiana,,former,IG,ISS,Italy,http://www.meridiana.it/,1991-05-03T00:00:00Z,2018-02-28T00:00:00Z,http://www.wikidata.org/entity/Q1156345,
Mesaba Airlines,,former,XJ,MES,United States,https://www.mesaba.com/,1944-01-01T00:00:00Z,2012-01-04T00:00:00Z,http://www.wikidata.org/entity/Q1535675,
MetroJet,,former,US,USA,United States,http://www.flymetrojet.com,1998-01-01T00:00:00Z,2001-12-01T00:00:00Z,http://www.wikidata.org/entity/Q6824425,
MexicanaClick,Click Mexicana,former,QA,CBE,Mexico,http://www.mexicana.com,2005-01-01T00:00:00Z,2010-01-01T00:00:00Z,http://www.wikidata.org/entity/Q796000,
MexicanaLink,,former,I6,MXI,Mexico,http://www.mexicana.com/,2009-01-01T00:00:00Z,2010-08-28T00:00:00Z,http://www.wikidata.org/entity/Q6826107,
Mid Airlines,,former,7Y,NYL,Sudan,http://www.midairlines.com/,2002-01-01T00:00:00Z,,http://www.wikidata.org/entity/Q1931733,
Middle East Airlines,"Middle East Airlines - Air Liban, MEA",flag carrier,ME,MEA,Lebanon,https://www.mea.com.lb/,1945-01-01T00:00:00Z,,http://www.wikidata.org/entity/Q859510,
Midway Airlines,,former,JI,MDW,United States,http://midwayair.com/,1993-01-01T00:00:00Z,2003-10-30T00:00:00Z,http://www.wikidata.org/entity/Q6843264,
Midwest Airlines,Midwest Express Airlines,former,YX,MEP,United States,http://www.midwestairlines.com/,1984-01-01T00:00:00Z,2010-11-01T00:00:00Z,http://www.wikidata.org/entity/Q642873,
Mihin Lanka,,former,MJ,MLR,Sri Lanka,http://mihinlanka.com/english/lk,2007-01-01T00:00:00Z,2016-10-29T00:00:00Z,http://www.wikidata.org/entity/Q1932859,
Mingalar Aviation Services,"Air Kanbawza, Air KBZ",,K7,KBZ,Myanmar,http://www.airkbz.com/,2010-01-01T00:00:00Z,,http://www.wikidata.org/entity/Q2494087,
Mokulele Airlines,,,MW,MKL,United States,http://www.mokuleleairlines.com/,1998-01-01T00:00:00Z,,http://www.wikidata.org/entity/Q174616,
Moldavian Airlines,,former,2M,MDV,Moldova,http://www.mdv.md,1994-01-01T00:00:00Z,2014-01-01T00:00:00Z,http://www.wikidata.org/entity/Q1752216,
Monacair,,,QM,,Monaco,https://monacair.mc/,1988-01-01T00:00:00Z,,http://www.wikidata.org/entity/Q16934226,
Monarch Airlines,Monarch,former,ZB,MON,United Kingdom,http://www.monarch.co.uk,1967-01-01T00:00:00Z,2017-01-01T00:00:00Z,http://www.wikidata.org/entity/Q900951,
Montenegro Airlines,,"former, flag carrier",YM,MGX,Montenegro,http://www.montenegroairlines.com,1994-01-01T00:00:00Z,2020-01-01T00:00:00Z,http://www.wikidata.org/entity/Q638897,
Atlant-Soyuz Airlines,Moscow Airlines,former,7B,MOA,Russia,http://flymoscow.ru,1993-06-08T00:00:00Z,2011-01-17T00:00:00Z,http://www.wikidata.org/entity/Q1637428,
Moscow Airways,,former,M8,MSC,Russia,,1993-06-08T00:00:00Z,2011-01-17T00:00:00Z,http://www.wikidata.org/entity/Q1637428,
Motor Sich Airlines,,,M9,MSI,Ukraine,http://flymotorsich.com,1984-01-01T00:00:00Z,,http://www.wikidata.org/entity/Q1840579,
Mount Cook Airline,,former,NM,NZM,New Zealand,http://www.airnz.co.nz/,1920-01-01T00:00:00Z,,http://www.wikidata.org/entity/Q1138889,
MyAir.com,MyAir,former,8I,MYW,Italy,http://www.myair.com,2004-01-01T00:00:00Z,2009-07-24T00:00:00Z,http://www.wikidata.org/entity/Q310261,
MyWay Airlines,,,MJ,MYW,Georgia,https://mywayairlines.com/,2017-01-01T00:00:00Z,,http://www.wikidata.org/entity/Q51828835,
Myanmar National Airlines,"Union of Burma Airways, Burma Airways, Myanma Airways",flag carrier,UB,UBA,Myanmar,https://flymna.com,1989-04-01T00:00:00Z,2014-12-01T00:00:00Z,http://www.wikidata.org/entity/Q1141636,
Myanmar Airways International,,,8M,MMA,Myanmar,http://www.maiair.com/,1993-01-01T00:00:00Z,,http://www.wikidata.org/entity/Q1888335,
NAM Air,,,IN,NIH,Indonesia,http://www.flynamair.com,2013-01-01T00:00:00Z,,http://www.wikidata.org/entity/Q15984817,
Nasair Eritrea,Nasair,former,UE,NAS,Eritrea,http://www.nasair.aero/,2006-01-01T00:00:00Z,2014-01-01T00:00:00Z,http://www.wikidata.org/entity/Q2663434,
National Airlines,,,N8,NCR,United States,http://www.nationalairlines.com/,1985-01-01T00:00:00Z,,http://www.wikidata.org/entity/Q899774,
National Airways Cameroon,NACAM,former,9O,,Cameroon,http://www.flynacam.com/,1999-01-01T00:00:00Z,2009-01-01T00:00:00Z,http://www.wikidata.org/entity/Q2174638,
National Jet Express,,,WO,JTE,Australia,http://www.cobham.com.au/,1989-01-01T00:00:00Z,,http://www.wikidata.org/entity/Q1536655,
Nationwide Airlines,,,CE,NTW,South Africa,http://www.flynationwide.co.za/,1991-01-01T00:00:00Z,2008-01-01T00:00:00Z,http://www.wikidata.org/entity/Q1937143,
Nauru Airlines,,flag carrier,ON,RON,Nauru,https://www.nauruair.com/,2014-08-01T00:00:00Z,,http://www.wikidata.org/entity/Q192459,
Nayzak Air Transport,,former,M4,NZA,Libya,http://www.nayzak.ly/,,,http://www.wikidata.org/entity/Q6983196,
Neos,,,NO,NOS,Italy,https://www.neosair.com/,2001-01-01T00:00:00Z,,http://www.wikidata.org/entity/Q73986,
Nepal Airlines,,flag carrier,RA,RNA,Nepal,http://nepalairlines.com.np/,1958-01-01T00:00:00Z,,http://www.wikidata.org/entity/Q588909,
Nesma Airlines,,,NE,NMA,Saudi Arabia,https://www.nesmaairlines.com/,2010-01-01T00:00:00Z,,http://www.wikidata.org/entity/Q1572717,
New England Airlines,,,EJ,NEA,United States,http://blockislandsairline.com/,1970-01-01T00:00:00Z,,http://www.wikidata.org/entity/Q1982539,
New Gen Airways,,former,E3,VGO,Thailand,http://www.newgenairways.com/,2003-01-01T00:00:00Z,,http://www.wikidata.org/entity/Q15836665,
New Mexico Airlines,,former,LW,NMI,United States,http://www.flynma.com,2007-01-01T00:00:00Z,2015-01-01T00:00:00Z,http://www.wikidata.org/entity/Q891861,
Nica Airlines,"Nica, Nicaraguense de Aviación",,6Y,NIS,Nicaragua,http://www.taca.com,1994-01-01T00:00:00Z,2004-01-01T00:00:00Z,http://www.wikidata.org/entity/Q4210887,
Nigeria Airways,,"former, flag carrier",WT,NGA,Nigeria,http://www.nigeriaairways.com,1958-01-01T00:00:00Z,2003-01-01T00:00:00Z,http://www.wikidata.org/entity/Q1189310,
Niki,,former,HG,NLY,Austria,http://www.flyniki.com,2003-01-01T00:00:00Z,2017-01-01T00:00:00Z,http://www.wikidata.org/entity/Q865858,
Nile Air,,,NP,NIA,Egypt,https://nileair.com/,2009-01-01T00:00:00Z,,http://www.wikidata.org/entity/Q536368,
Nok Air,,former,DD,NOK,Thailand,http://www.nokair.com/,2004-01-01T00:00:00Z,,http://www.wikidata.org/entity/Q1065088,
Nok Mini,SGA Airlines,former,5E,SGN,Thailand,http://www.nokmini.com,2002-01-01T00:00:00Z,2014-01-01T00:00:00Z,http://www.wikidata.org/entity/Q1631839,
Nordavia,,,5N,AUL,Russia,http://www.nordavia.ru,2004-01-01T00:00:00Z,,http://www.wikidata.org/entity/Q519211,
Nordic Global Airlines,,airline,NJ,NGB,Finland,http://www.nordicglobalcargo.com,2011-01-01T00:00:00Z,2015-05-31T00:00:00Z,http://www.wikidata.org/entity/Q7050695,
Nordic Global Airlines,,cargo airline,NJ,NGB,Finland,http://www.nordicglobalcargo.com,2011-01-01T00:00:00Z,2015-05-31T00:00:00Z,http://www.wikidata.org/entity/Q7050695,
Nordic Regional,,airline,6N,NRD,Sweden,http://www.nordicregional.se/,,2008-01-01T00:00:00Z,http://www.wikidata.org/entity/Q17103596,
Nordic Regional Airlines,,airline,N7,FCM,Finland,http://flynorra.com/,2011-01-01T00:00:00Z,,http://www.wikidata.org/entity/Q1434560,
Nordica,,airline,EE,EST,Estonia,https://www.nordica.ee/,2015-09-25T00:00:00Z,,http://www.wikidata.org/entity/Q21406312,
Nordica,,business,EE,EST,Estonia,https://www.nordica.ee/,2015-09-25T00:00:00Z,,http://www.wikidata.org/entity/Q21406312,
Nordwind Airlines,,airline,N4,NWS,Russia,http://www.nordwindairlines.ru,2008-01-01T00:00:00Z,,http://www.wikidata.org/entity/Q1858300,
Norfolk Air,,airline,N5,,Australia,http://www.norfolkair.com,2006-01-01T00:00:00Z,2012-01-01T00:00:00Z,http://www.wikidata.org/entity/Q7050992,
Norse Atlantic Airways,,airline,N0,NBT,Norway,https://flynorse.com/,2021-03-01T00:00:00Z,,http://www.wikidata.org/entity/Q107300119,
Norse Atlantic Airways,,public company,N0,NBT,Norway,https://flynorse.com/,2021-03-01T00:00:00Z,,http://www.wikidata.org/entity/Q107300119,
Norse Atlantic Airways,,business,N0,NBT,Norway,https://flynorse.com/,2021-03-01T00:00:00Z,,http://www.wikidata.org/entity/Q107300119,
Norse Atlantic UK,,airline,Z0,UBT,United Kingdom,https://flynorse.com,2021-01-01T00:00:00Z,,http://www.wikidata.org/entity/Q113213169,
North American Airlines,,airline,NA,NAO,United States,http://www.flynaa.com/,1989-01-01T00:00:00Z,2014-01-01T00:00:00Z,http://www.wikidata.org/entity/Q1188991,
North Flying,,airline,M3,NFA,Denmark,http://www.northflying.com,1963-01-01T00:00:00Z,,http://www.wikidata.org/entity/Q1779605,
North-Western Cargo International Airlines,,airline,CO,CNW,People's Republic of China,http://www.nwairlines.com.cn/,2020-08-27T00:00:00Z,,http://www.wikidata.org/entity/Q135019776,
North-Western Cargo International Airlines,,business,CO,CNW,People's Republic of China,http://www.nwairlines.com.cn/,2020-08-27T00:00:00Z,,http://www.wikidata.org/entity/Q135019776,
North-Wright Airways,,airline,HW,NWL,Canada,https://north-wrightairways.com/,1986-01-01T00:00:00Z,,http://www.wikidata.org/entity/Q1764536,
Northern Air Cargo,,airline,NC,NAC,United States,https://www.nac.aero,1956-01-01T00:00:00Z,,http://www.wikidata.org/entity/Q900942,
Northwest Airlines,,airline,NW,NWA,United States,http://www.nwa.com,1926-01-01T00:00:00Z,2010-01-01T00:00:00Z,http://www.wikidata.org/entity/Q309174,
Northwestern Air,,airline,J3,PLR,Canada,http://www.nwal.ca/,1965-01-01T00:00:00Z,,http://www.wikidata.org/entity/Q74878,
Norwegian Air International,,organization,D8,IBK,Ireland,http://www.norwegian.com/,2014-02-01T00:00:00Z,2021-04-01T00:00:00Z,http://www.wikidata.org/entity/Q22811612,
Norwegian Air International,,airline,D8,IBK,Ireland,http://www.norwegian.com/,2014-02-01T00:00:00Z,2021-04-01T00:00:00Z,http://www.wikidata.org/entity/Q22811612,
Norwegian Air Norway,,organization,DH,NAN,Norway,https://www.norwegian.com,2013-01-01T00:00:00Z,,http://www.wikidata.org/entity/Q56230193,
Norwegian Air Norway,,airline,DH,NAN,Norway,https://www.norwegian.com,2013-01-01T00:00:00Z,,http://www.wikidata.org/entity/Q56230193,
Norwegian Air Shuttle,,airline,DY,NAX,Norway,https://www.norwegian.com/,1993-01-22T00:00:00Z,,http://www.wikidata.org/entity/Q215392,
Norwegian Air Shuttle,,airline,DY,NAX,Norway,https://www.norwegian.no/,1993-01-22T00:00:00Z,,http://www.wikidata.org/entity/Q215392,
Norwegian Air Sweden,,airline,D8,NSW,Sweden,https://www.norwegian.com/se/,2018-11-20T00:00:00Z,,http://www.wikidata.org/entity/Q60456802,
Norwegian Air Sweden,,airline,D8,NSZ,Sweden,https://www.norwegian.com/se/,2018-11-20T00:00:00Z,,http://www.wikidata.org/entity/Q60456802,
Norwegian Air UK,,airline,DI,NRS,United Kingdom,http://www.norwegian.com/uk/,2015-11-01T00:00:00Z,2021-01-01T00:00:00Z,http://www.wikidata.org/entity/Q29017831,
Norwegian Long Haul,,organization,DU,NLH,Norway,http://www.norwegian.com/,2012-01-01T00:00:00Z,2021-01-14T00:00:00Z,http://www.wikidata.org/entity/Q15139453,
Norwegian Long Haul,,airline,DU,NLH,Norway,http://www.norwegian.com/,2012-01-01T00:00:00Z,2021-01-14T00:00:00Z,http://www.wikidata.org/entity/Q15139453,
Nouvelair,,airline,BJ,LBT,Tunisia,https://www.nouvelair.com/,1989-01-01T00:00:00Z,,http://www.wikidata.org/entity/Q225988,
Nouvelle Air Affaires Gabon,,airline,SG,NVS,Gabon,http://www.sn2ag.com/,1975-01-01T00:00:00Z,,http://www.wikidata.org/entity/Q1548880,
Nova Airline,,airline,O9,NOV,Sudan,http://www.novaairways.com,2000-01-01T00:00:00Z,,http://www.wikidata.org/entity/Q7064012,
Nova Airline,,Wikimedia duplicated page,O9,NOV,Sudan,http://www.novaairways.com,2000-01-01T00:00:00Z,,http://www.wikidata.org/entity/Q7064012,
Novair,,airline,N9,NVR,Sweden,http://www.novair.net/en/,1997-01-01T00:00:00Z,2023-10-09T00:00:00Z,http://www.wikidata.org/entity/Q1811322,
Novair,,airline,1I,NVR,Sweden,http://www.novair.net/en/,1997-01-01T00:00:00Z,2023-10-09T00:00:00Z,http://www.wikidata.org/entity/Q1811322,
Novair,,airline,NG,NAI,,https://novair.am,2020-01-01T00:00:00Z,,http://www.wikidata.org/entity/Q104879873,
NovoAir,,airline,VQ,NVQ,Bangladesh,http://www.flynovoair.com,2013-01-01T00:00:00Z,,http://www.wikidata.org/entity/Q3260360,
Nyxair,,airline,OJ,NYX,Estonia,https://flynyx.com,2017-10-30T00:00:00Z,,http://www.wikidata.org/entity/Q66121841,
O'Connor Airlines,,airline,UQ,OCM,Australia,http://www.oconnorairlines.com.au/,1973-01-01T00:00:00Z,2007-12-14T00:00:00Z,http://www.wikidata.org/entity/Q3347394,
OLT Express Germany,,airline,OL,OLT,Germany,http://www.oltexpress.de/,1958-01-01T00:00:00Z,2013-01-30T00:00:00Z,http://www.wikidata.org/entity/Q702928,
OLT Express Germany,,airline,S2,OLT,Germany,http://www.oltexpress.de/,1958-01-01T00:00:00Z,2013-01-30T00:00:00Z,http://www.wikidata.org/entity/Q702928,
Oasis Hong Kong Airlines,,airline,O8,OHK,People's Republic of China,http://www.oasishongkong.com/,2005-01-01T00:00:00Z,2008-04-01T00:00:00Z,http://www.wikidata.org/entity/Q1374313,
Okay Airways,,airline,BK,OKA,People's Republic of China,http://www.okair.net/,2004-01-01T00:00:00Z,,http://www.wikidata.org/entity/Q582279,
Olympic Air,,regional airline,OA,OAL,Greece,http://www.olympicair.com,2009-01-01T00:00:00Z,,http://www.wikidata.org/entity/Q583843,
Olympic Airlines,,airline,OA,OAL,Greece,http://www.olympicairlines.com/,1957-01-01T00:00:00Z,2009-01-01T00:00:00Z,http://www.wikidata.org/entity/Q2021591,
Olympic Airlines,,business,OA,OAL,Greece,http://www.olympicairlines.com/,1957-01-01T00:00:00Z,2009-01-01T00:00:00Z,http://www.wikidata.org/entity/Q2021591,
Olympic Airlines,,airline,OA,OAL,Greece,http://www.olympicairlines.com/,2003-01-01T00:00:00Z,2009-01-01T00:00:00Z,http://www.wikidata.org/entity/Q2021591,
Olympic Airlines,,business,OA,OAL,Greece,http://www.olympicairlines.com/,2003-01-01T00:00:00Z,2009-01-01T00:00:00Z,http://www.wikidata.org/entity/Q2021591,
Olympic Aviation,,airline,ML,OLY,Greece,http://195.167.49.231/olav/auxfiles/olavhomeUK.aspx?AspxAutoDetectCookieSupport=1,1971-01-01T00:00:00Z,2003-01-01T00:00:00Z,http://www.wikidata.org/entity/Q1662136,
Oman Air,,airline,WY,OMA,Oman,http://www.omanair.com,1993-01-01T00:00:00Z,,http://www.wikidata.org/entity/Q860379,
Omni Air International,,airline,OY,OAE,United States,https://www.oai.aero/,1993-03-15T00:00:00Z,,http://www.wikidata.org/entity/Q593931,
Omni Aviation,,airline,OC,OAV,Portugal,http://www.omni.pt/,1988-01-01T00:00:00Z,,http://www.wikidata.org/entity/Q4045768,
Omskavia,,airline,N3,OMS,Russia,http://www.omskavia.ru,1994-01-01T00:00:00Z,2008-01-01T00:00:00Z,http://www.wikidata.org/entity/Q2023556,
One-Two-GO Airlines,,airline,OG,OTG,Thailand,http://www.fly12go.com/en/home/index.php,2003-01-01T00:00:00Z,2010-01-01T00:00:00Z,http://www.wikidata.org/entity/Q2023934,
OneJet,,airline,J1,,United States,http://www.onejet.com/,2015-01-01T00:00:00Z,,http://www.wikidata.org/entity/Q20648693,
Onur Air,,airline,8Q,OHY,Turkey,https://www.onurair.com/,1992-01-01T00:00:00Z,2021-06-01T00:00:00Z,http://www.wikidata.org/entity/Q1479225,
OpenSkies,,organization,LV,BOS,France,https://www.flylevel.com/,2008-01-01T00:00:00Z,2020-07-08T00:00:00Z,http://www.wikidata.org/entity/Q8782,
OpenSkies,,airline,LV,BOS,France,https://www.flylevel.com/,2008-01-01T00:00:00Z,2020-07-08T00:00:00Z,http://www.wikidata.org/entity/Q8782,
Orange Air,,airline,U3,ORN,United States,http://www.flyorangeair.com/,2011-04-01T00:00:00Z,2017-04-28T00:00:00Z,http://www.wikidata.org/entity/Q19574839,
Orange2Fly,,airline,OT,OTF,Greece,https://www.orange2fly.com/,2015-09-01T00:00:00Z,2021-09-01T00:00:00Z,http://www.wikidata.org/entity/Q39060529,
Orbest,,airline,6O,OBS,Portugal,http://www.orbest.com,2007-01-01T00:00:00Z,,http://www.wikidata.org/entity/Q2667744,
Orbest Orizonia Airlines,,airline,TY,IWD,Spain,http://www.orbest.com/,1998-01-01T00:00:00Z,2013-05-05T00:00:00Z,http://www.wikidata.org/entity/Q1467477,
Orca Airways,,airline,OR,ORK,Canada,http://www.flyorcaair.com/,2005-01-01T00:00:00Z,,http://www.wikidata.org/entity/Q1712321,
Orenair,,airline,R2,ORB,Russia,http://www.orenair.ru,1992-01-01T00:00:00Z,2016-01-01T00:00:00Z,http://www.wikidata.org/entity/Q1368516,
Orenburzhye,,airline,O7,ORG,Russia,http://www.orenairport.ru/eng/ak-orenburzhe/,,,http://www.wikidata.org/entity/Q18406897,
Orient Thai Airlines,,airline,OX,OEA,Thailand,http://www.flyorientthai.com/,1995-01-01T00:00:00Z,,http://www.wikidata.org/entity/Q1068909,
Oriental Air Bridge,,regional airline,OC,ORC,Japan,https://www.orc-air.co.jp/,1961-06-12T00:00:00Z,,http://www.wikidata.org/entity/Q1151882,
Originair,,airline,OG,OGN,New Zealand,https://www.originair.co.nz,2015-01-01T00:00:00Z,,http://www.wikidata.org/entity/Q20648900,
Overland Airways,,airline,OF,OLA,Nigeria,http://www.overlandairways.com/,2002-01-01T00:00:00Z,,http://www.wikidata.org/entity/Q1987495,
Overland Airways,,airline,OF,OLA,Nigeria,http://www.overlandairways.com/,2003-01-01T00:00:00Z,,http://www.wikidata.org/entity/Q1987495,
OzJet,,airline,O7,OZJ,Australia,http://www.ozjet.com.au/,2005-01-01T00:00:00Z,2012-01-01T00:00:00Z,http://www.wikidata.org/entity/Q2043003,
PAL Airlines,,airline,5P,PCP,Chile,http://www.palair.cl,2003-01-01T00:00:00Z,2014-09-01T00:00:00Z,http://www.wikidata.org/entity/Q3333716,
PAL Airlines,,regional airline,PB,PVL,Canada,https://www.palairlines.ca/en/,1972-01-01T00:00:00Z,,http://www.wikidata.org/entity/Q3408507,
PAL Airlines,,regional airline,PB,PVL,Canada,https://www.palairlines.ca/fr/,1972-01-01T00:00:00Z,,http://www.wikidata.org/entity/Q3408507,
PAL Express,,regional airline,2P,GAP,Philippines,http://www.flypalexpress.com/,1995-01-01T00:00:00Z,,http://www.wikidata.org/entity/Q873330,
PBair,,airline,9Q,PBA,Thailand,http://www.pbair.com,1990-01-01T00:00:00Z,2009-01-01T00:00:00Z,http://www.wikidata.org/entity/Q1205109,
PLAY,,airline,OG,,Iceland,https://flyplay.com/,2019-11-05T00:00:00Z,2025-09-29T00:00:00Z,http://www.wikidata.org/entity/Q74705406,
PNG Air,,regional airline,CG,TOK,Papua New Guinea,http://www.apng.com/,1987-01-01T00:00:00Z,,http://www.wikidata.org/entity/Q408808,
PSA Airlines,,airline,US,JIA,United States,http://www.psaairlines.com/,1980-01-01T00:00:00Z,,http://www.wikidata.org/entity/Q1536988,
PUTANG INA KA Airways,,airline,XO,SGD,Philippines,http://www.flyseair.com/,1994-01-01T00:00:00Z,,http://www.wikidata.org/entity/Q17088704,
Pacific Air Express,,airline,PE,PAQ,Solomon Islands,http://www.pacificairexpress.com.au/,1993-01-01T00:00:00Z,2021-04-30T00:00:00Z,http://www.wikidata.org/entity/Q14628812,
Pacific Airlines,,airline,BL,PIC,Vietnam,https://www.pacificairlines.com/,1991-01-01T00:00:00Z,,http://www.wikidata.org/entity/Q1156874,
Pacific Coastal Airlines,,airline,8P,PCO,Canada,https://www.pacificcoastal.com,1979-01-01T00:00:00Z,,http://www.wikidata.org/entity/Q1427310,
Pacific East Asia Cargo Airlines,,airline,Q8,PEC,Philippines,http://www.peacairlines.com/,1990-01-01T00:00:00Z,2010-12-30T00:00:00Z,http://www.wikidata.org/entity/Q5357204,
Pacific Island Aviation,,airline,9J,PSA,United States,http://www.pacificislandaviation.com,1987-01-01T00:00:00Z,2005-02-09T00:00:00Z,http://www.wikidata.org/entity/Q7122508,
Pacific Island Aviation,,business,9J,PSA,United States,http://www.pacificislandaviation.com,1987-01-01T00:00:00Z,2005-02-09T00:00:00Z,http://www.wikidata.org/entity/Q7122508,
Pacific Wings,,airline,LW,NMI,United States,http://www.pacificwings.com,1974-01-01T00:00:00Z,,http://www.wikidata.org/entity/Q891555,
Pacificair,,airline,GX,,Philippines,http://www.pacificair.com.ph/home.html,1947-01-01T00:00:00Z,,http://www.wikidata.org/entity/Q2793221,
Pakistan International Airlines,,airline,PK,PIA,Pakistan,https://www.piac.com.pk/,1955-01-01T00:00:00Z,,http://www.wikidata.org/entity/Q204887,
Palau Airways,,airline,P7,PAU,Palau,http://www.palauairways.com,,2013-01-01T00:00:00Z,http://www.wikidata.org/entity/Q4204404,
Palau Pacific Airways,,airline,ED,AXE,Palau,http://www.palaupacificairways.com,2014-01-01T00:00:00Z,2018-01-01T00:00:00Z,http://www.wikidata.org/entity/Q18610029,
Palestinian Airlines,,airline,PF,PNW,Egypt,http://www.palairlines.com,1995-01-01T00:00:00Z,2020-01-01T00:00:00Z,http://www.wikidata.org/entity/Q1355503,
Pan Am,,airline,PA,PAA,United States,http://www.panam.org,1927-03-14T00:00:00Z,1991-12-04T00:00:00Z,http://www.wikidata.org/entity/Q8681,
Pan Am,,business,PA,PAA,United States,http://www.panam.org,1927-03-14T00:00:00Z,1991-12-04T00:00:00Z,http://www.wikidata.org/entity/Q8681,
Pan Pacific Airlines,,airline,8Y,AAV,Philippines,http://www.panpacificair.com/,2017-01-01T00:00:00Z,,http://www.wikidata.org/entity/Q30644592,
Pantanal Linhas Aéreas,,airline,GP,PTN,Brazil,http://www.voepantanal.com.br/,1992-01-01T00:00:00Z,2013-01-01T00:00:00Z,http://www.wikidata.org/entity/Q953485,
Paranair,,airline,ZP,AZP,Paraguay,https://www.paranair.com,,,http://www.wikidata.org/entity/Q58533086,
Parata Air,,airline,4V,FGW,South Korea,http://www.parataair.com/,2016-04-12T00:00:00Z,,http://www.wikidata.org/entity/Q65308518,
Pascan Aviation,,airline,P6,PSC,Canada,https://www.pascan.com/en/,1999-01-01T00:00:00Z,,http://www.wikidata.org/entity/Q280108,
Pascan Aviation,,airline,P6,PSC,Canada,https://www.pascan.com/fr/,1999-01-01T00:00:00Z,,http://www.wikidata.org/entity/Q280108,
Passion Air,,airline,OP,DIG,Ghana,http://flypassionair.com,2017-01-01T00:00:00Z,,http://www.wikidata.org/entity/Q65067120,
Payam Air,,airline,2F,IRP,Iran,http://www.payamaviation.ir,1996-01-01T00:00:00Z,,http://www.wikidata.org/entity/Q3373244,
Peach,,organization,MM,APJ,Japan,http://www.flypeach.com,2011-01-01T00:00:00Z,,http://www.wikidata.org/entity/Q1376634,
Peach,,airline,MM,APJ,Japan,http://www.flypeach.com,2011-01-01T00:00:00Z,,http://www.wikidata.org/entity/Q1376634,
Pegasus Airlines,,airline,PC,PGT,Turkey,https://www.flypgs.com/,1989-01-01T00:00:00Z,,http://www.wikidata.org/entity/Q1100424,
Pegasus Airlines,,business,PC,PGT,Turkey,https://www.flypgs.com/,1989-01-01T00:00:00Z,,http://www.wikidata.org/entity/Q1100424,
Pegasus Airlines,,airline,PC,PGT,Turkey,https://www.flypgs.com/de,1989-01-01T00:00:00Z,,http://www.wikidata.org/entity/Q1100424,
Pegasus Airlines,,business,PC,PGT,Turkey,https://www.flypgs.com/de,1989-01-01T00:00:00Z,,http://www.wikidata.org/entity/Q1100424,
Pegasus Airlines,,airline,PC,PGT,Turkey,https://www.flypgs.com/en,1989-01-01T00:00:00Z,,http://www.wikidata.org/entity/Q1100424,
Pegasus Airlines,,business,PC,PGT,Turkey,https://www.flypgs.com/en,1989-01-01T00:00:00Z,,http://www.wikidata.org/entity/Q1100424,
Pegasus Airlines,,airline,PC,PGT,Turkey,https://www.flypgs.com/es,1989-01-01T00:00:00Z,,http://www.wikidata.org/entity/Q1100424,
Pegasus Airlines,,business,PC,PGT,Turkey,https://www.flypgs.com/es,1989-01-01T00:00:00Z,,http://www.wikidata.org/entity/Q1100424,
Pegasus Airlines,,airline,PC,PGT,Turkey,https://www.flypgs.com/fr,1989-01-01T00:00:00Z,,http://www.wikidata.org/entity/Q1100424,
Pegasus Airlines,,business,PC,PGT,Turkey,https://www.flypgs.com/fr,1989-01-01T00:00:00Z,,http://www.wikidata.org/entity/Q1100424,
Pegasus Airlines,,airline,PC,PGT,Turkey,https://www.flypgs.com/it,1989-01-01T00:00:00Z,,http://www.wikidata.org/entity/Q1100424,
Pegasus Airlines,,business,PC,PGT,Turkey,https://www.flypgs.com/it,1989-01-01T00:00:00Z,,http://www.wikidata.org/entity/Q1100424,
Pegasus Airlines,,airline,PC,PGT,Turkey,https://www.flypgs.com/ru,1989-01-01T00:00:00Z,,http://www.wikidata.org/entity/Q1100424,
Pegasus Airlines,,business,PC,PGT,Turkey,https://www.flypgs.com/ru,1989-01-01T00:00:00Z,,http://www.wikidata.org/entity/Q1100424,
Pel-Air,,airline,PA,PFY,Australia,http://www.pelair.com.au,1984-01-01T00:00:00Z,,http://www.wikidata.org/entity/Q1514315,
Pelican Air Services,,airline,7V,PDF,South Africa,http://www.pelicanair.co.za,2001-01-01T00:00:00Z,2009-01-01T00:00:00Z,http://www.wikidata.org/entity/Q2564481,
Pelita Air Service,,airline,6D,PAS,Indonesia,http://www.pelita-air.com/,1963-01-01T00:00:00Z,,http://www.wikidata.org/entity/Q2197692,
PenAir,,airline,KS,PEN,United States,http://www.penair.com/,1955-01-01T00:00:00Z,,http://www.wikidata.org/entity/Q1811285,
People's,,airline,PE,PEV,Switzerland,http://www.peoples.ch/,2010-01-01T00:00:00Z,,http://www.wikidata.org/entity/Q873376,
Petra Airlines,,airline,9P,PTR,Jordan,http://www.flypetra.com/,2005-01-01T00:00:00Z,2014-01-01T00:00:00Z,http://www.wikidata.org/entity/Q3377571,
Petroleum Air Services,,airline,UF,PER,Egypt,https://www.pas.com.eg/,1982-01-01T00:00:00Z,,http://www.wikidata.org/entity/Q617584,
Petroleum Air Services,,airline,UF,VPS,Egypt,https://www.pas.com.eg/,1982-01-01T00:00:00Z,,http://www.wikidata.org/entity/Q617584,
Philippine Airlines,,airline,PR,PAL,Philippines,https://www.philippineairlines.com,1941-01-01T00:00:00Z,,http://www.wikidata.org/entity/Q846910,
Philippines AirAsia,,airline,Z2,APG,Philippines,http://www.airasia.com/ph/en/home.page,2010-01-01T00:00:00Z,,http://www.wikidata.org/entity/Q1319117,
Phoebus Apollo Aviation,,airline,PE,PHB,South Africa,http://www.phoebusapollo.co.za/,1995-01-01T00:00:00Z,,http://www.wikidata.org/entity/Q1027714,
Phoenix Air,,airline,PH,PHA,United States,https://phoenixair.com/,1978-01-01T00:00:00Z,,http://www.wikidata.org/entity/Q7186783,
Phoenix Aviation,,airline,P3,PHG,United Arab Emirates,http://www.phoenixuae.com/,1996-01-01T00:00:00Z,,http://www.wikidata.org/entity/Q2036150,
Phuket Air,,airline,9R,VAP,Thailand,http://www.phuketairlines.com,2001-12-19T00:00:00Z,2012-01-01T00:00:00Z,http://www.wikidata.org/entity/Q1340416,
Piedmont Airlines,,regional airline,US,PDT,United States,http://piedmont-airlines.com/,1962-01-01T00:00:00Z,,http://www.wikidata.org/entity/Q15840489,
Platinum Air Linhas Aéreas,,airline,P2,PLJ,Brazil,http://www.platinumair.com.br/,,,http://www.wikidata.org/entity/Q7202332,
Plus Ultra Líneas Aéreas,,airline,PU,PUE,Spain,https://www.plusultra.com,2011-01-01T00:00:00Z,,http://www.wikidata.org/entity/Q18026968,
Pobeda,,airline,DP,PBD,Russia,http://www.pobeda.aero/,2014-09-16T00:00:00Z,,http://www.wikidata.org/entity/Q18398469,
Pobeda,,business,DP,PBD,Russia,http://www.pobeda.aero/,2014-09-16T00:00:00Z,,http://www.wikidata.org/entity/Q18398469,
Polar Air Cargo,,airline,PO,PAC,United States,https://www.polaraircargo.com/,1993-01-01T00:00:00Z,,http://www.wikidata.org/entity/Q1186574,
Polar Airlines,,airline,PI,RKA,Russia,http://polarair.ru/,1997-01-01T00:00:00Z,,http://www.wikidata.org/entity/Q2130889,
Polet Airlines,,airline,YQ,POT,Russia,http://www.polet.ru/en/,1988-01-01T00:00:00Z,2014-12-01T00:00:00Z,http://www.wikidata.org/entity/Q2061270,
Porter Airlines,,regional airline,P3,PTR,Canada,https://www.flyporter.com/en-ca/,2006-01-01T00:00:00Z,,http://www.wikidata.org/entity/Q1811473,x
Porter Airlines,,regional airline,PD,PTR,Canada,https://www.flyporter.com/en-ca/,2006-01-01T00:00:00Z,,http://www.wikidata.org/entity/Q1811473,
Porter Airlines,,regional airline,P3,POE,Canada,https://www.flyporter.com/en-ca/,2006-01-01T00:00:00Z,,http://www.wikidata.org/entity/Q1811473,
Porter Airlines,,regional airline,PD,POE,Canada,https://www.flyporter.com/en-ca/,2006-01-01T00:00:00Z,,http://www.wikidata.org/entity/Q1811473,
Porter Airlines,,regional airline,P3,PTR,Canada,https://www.flyporter.com/fr-ca/,2006-01-01T00:00:00Z,,http://www.wikidata.org/entity/Q1811473,
Porter Airlines,,regional airline,PD,PTR,Canada,https://www.flyporter.com/fr-ca/,2006-01-01T00:00:00Z,,http://www.wikidata.org/entity/Q1811473,
Porter Airlines,,regional airline,P3,POE,Canada,https://www.flyporter.com/fr-ca/,2006-01-01T00:00:00Z,,http://www.wikidata.org/entity/Q1811473,
Porter Airlines,,regional airline,PD,POE,Canada,https://www.flyporter.com/fr-ca/,2006-01-01T00:00:00Z,,http://www.wikidata.org/entity/Q1811473,
Portugália,,airline,NI,PGA,Portugal,http://www.portugalia-airlines.pt/,1989-01-01T00:00:00Z,,http://www.wikidata.org/entity/Q618058,
Poste Air Cargo,,airline,M4,MSA,Italy,https://www.posteaircargo.it/,1981-01-01T00:00:00Z,,http://www.wikidata.org/entity/Q1939338,
Poste Air Cargo,,cargo airline,M4,MSA,Italy,https://www.posteaircargo.it/,1981-01-01T00:00:00Z,,http://www.wikidata.org/entity/Q1939338,
Precision Air,,airline,PW,PRF,Tanzania,https://www.precisionairtz.com/,1991-01-01T00:00:00Z,,http://www.wikidata.org/entity/Q957305,
President Airlines,,airline,TO,PSD,Cambodia,http://www.presidentairlines.com,1997-01-01T00:00:00Z,2007-01-01T00:00:00Z,http://www.wikidata.org/entity/Q2095223,
Primaris Airlines,,airline,FE,WCP,United States,http://primarisairlines.com,2002-01-01T00:00:00Z,2009-01-01T00:00:00Z,http://www.wikidata.org/entity/Q1241577,
Primera Air,,airline,PF,PRI,Denmark,https://primeraair.com/,2003-01-01T00:00:00Z,2018-10-01T00:00:00Z,http://www.wikidata.org/entity/Q153686,
Primera Air Nordic,,airline,6F,PRW,Latvia,http://www.primeragroup.com,2014-01-01T00:00:00Z,,http://www.wikidata.org/entity/Q20564457,
Primera Air Nordic,,legal person,6F,PRW,Latvia,http://www.primeragroup.com,2014-01-01T00:00:00Z,,http://www.wikidata.org/entity/Q20564457,
Princely Jets,,airline,PJ,PJP,Pakistan,http://www.princelyjets.com/,,,http://www.wikidata.org/entity/Q7244424,
PrivatAir,,airline,PT,PTI,Switzerland,http://www.privatair.com,1977-01-01T00:00:00Z,2018-12-05T00:00:00Z,http://www.wikidata.org/entity/Q688222,
PrivatAir,,airline,PV,PTI,Switzerland,http://www.privatair.com,1977-01-01T00:00:00Z,2018-12-05T00:00:00Z,http://www.wikidata.org/entity/Q688222,
Private Wings,,airline,8W,PWF,Germany,https://www.private-wings.de/,1991-01-01T00:00:00Z,,http://www.wikidata.org/entity/Q472381,
Privilege Style,,airline,P6,PVG,Spain,http://www.privilegestyle.com/,2003-01-01T00:00:00Z,,http://www.wikidata.org/entity/Q7246305,
Proflight Zambia,,airline,P0,PFZ,Zambia,http://www.flyzambia.com/,1991-01-01T00:00:00Z,,http://www.wikidata.org/entity/Q2678060,
Pulkovo Aviation Enterprise,,airline,FV,PLK,Russia,http://eng.pulkovo.ru/,1934-05-07T00:00:00Z,2006-10-29T00:00:00Z,http://www.wikidata.org/entity/Q1200975,
Puma Air,,airline,Z4,PLY,Brazil,http://www.pumaair.com.br/,2002-01-01T00:00:00Z,2011-01-01T00:00:00Z,http://www.wikidata.org/entity/Q4047639,
Punto Azul,,airline,ZR,PUN,Equatorial Guinea,http://www.flypuntoazul.gq/,2010-01-01T00:00:00Z,,http://www.wikidata.org/entity/Q14628875,
Qantas Airways,,airline,QF,QFA,Australia,https://www.qantas.com,1920-11-16T00:00:00Z,,http://www.wikidata.org/entity/Q32491,
Qantas Airways,,flag carrier,QF,QFA,Australia,https://www.qantas.com,1920-11-16T00:00:00Z,,http://www.wikidata.org/entity/Q32491,
Qantas Airways,,public company,QF,QFA,Australia,https://www.qantas.com,1920-11-16T00:00:00Z,,http://www.wikidata.org/entity/Q32491,
Qantas Airways,,Government body of Australia,QF,QFA,Australia,https://www.qantas.com,1920-11-16T00:00:00Z,,http://www.wikidata.org/entity/Q32491,
Qantas Freight,,cargo airline,QF,QFA,Australia,http://www.qantas.com.au/qfreight/qfe/home/au/en,2001-01-01T00:00:00Z,,http://www.wikidata.org/entity/Q869352,
QantasLink,,airline,QF,,Australia,http://www.qantaslink.com.au/,2002-01-01T00:00:00Z,,http://www.wikidata.org/entity/Q1347762,
Qatar Airways,,airline,QR,QTR,Qatar,https://www.qatarairways.com/,1993-11-22T00:00:00Z,,http://www.wikidata.org/entity/Q208033,
Qatar Airways Cargo,,cargo airline,QR,,Qatar,https://www.qrcargo.com/,1993-11-22T00:00:00Z,,http://www.wikidata.org/entity/Q29018057,
Qatar Executive,,airline,QR,QQE,Qatar,http://qatarexec.com.qa/,2009-01-01T00:00:00Z,,http://www.wikidata.org/entity/Q7267100,
Qazaq Air,,airline,IQ,QAZ,Kazakhstan,https://www.flyqazaq.com/en,2014-01-01T00:00:00Z,,http://www.wikidata.org/entity/Q20650538,
Qingdao Airlines,,airline,QW,QDA,People's Republic of China,https://www.qdairlines.com/,2013-01-01T00:00:00Z,,http://www.wikidata.org/entity/Q15942879,
Quikjet Airlines,,airline,QO,FQA,India,https://quikjet.co.in,2007-01-01T00:00:00Z,,http://www.wikidata.org/entity/Q2130621,
R Airlines,,airline,RK,RCT,Thailand,http://www.skyviewairways.co.th/,2012-10-01T00:00:00Z,2018-02-18T00:00:00Z,http://www.wikidata.org/entity/Q3704970,
RAK Airways,,airline,RT,RKM,United Arab Emirates,http://www.rakairways.com/,2007-01-01T00:00:00Z,2013-01-01T00:00:00Z,http://www.wikidata.org/entity/Q1478590,
RAM Cargo,,airline,AT,,Morocco,http://cargo.royalairmaroc.com/,2010-01-01T00:00:00Z,,http://www.wikidata.org/entity/Q3445864,
RAM Cargo,,business,AT,,Morocco,http://cargo.royalairmaroc.com/,2010-01-01T00:00:00Z,,http://www.wikidata.org/entity/Q3445864,
RUS Aviation,,airline,R6,RLB,Armenia,http://www.rusaviation.com/,,,http://www.wikidata.org/entity/Q7277997,
RUTACA Airlines,,airline,5R,RUC,Venezuela,http://www.flyrutaca.com,1974-01-01T00:00:00Z,,http://www.wikidata.org/entity/Q1409875,
Ravn Alaska,,regional airline,7H,RVF,United States,http://www.flyravn.com,2010-01-01T00:00:00Z,2025-08-05T00:00:00Z,http://www.wikidata.org/entity/Q13418307,
Raya Airways,,airline,TH,RMY,Malaysia,http://rayaairways.com,1993-01-01T00:00:00Z,,http://www.wikidata.org/entity/Q1368249,
Red Wings Airlines,,airline,WZ,RWZ,Russia,https://flyredwings.com,1999-01-01T00:00:00Z,,http://www.wikidata.org/entity/Q1348402,
Reeve Aleutian Airways,,airline,RV,RVV,United States,http://www.reeveair.com/,1947-03-24T00:00:00Z,2000-12-05T00:00:00Z,http://www.wikidata.org/entity/Q7307037,
Regent Airways,,airline,RX,RGE,Bangladesh,http://www.flyregent.com/,2010-01-01T00:00:00Z,,http://www.wikidata.org/entity/Q7308074,
Region Avia,,airline,RK,,Russia,http://www.regionavia.ru/eng/,2005-01-01T00:00:00Z,2011-01-01T00:00:00Z,http://www.wikidata.org/entity/Q4391939,
Regional Air Services,,airline,8N,REG,Tanzania,http://www.regionaltanzania.com/,1997-01-01T00:00:00Z,,http://www.wikidata.org/entity/Q745600,
Regional Cargo,,airline,F2,RCQ,Mexico,http://www.regionalcargo.com/,2006-01-01T00:00:00Z,,http://www.wikidata.org/entity/Q7309014,
Regional Pacific Airlines,,airline,QT,,Australia,http://www.regionalpacific.com.au/,2001-01-01T00:00:00Z,,http://www.wikidata.org/entity/Q7309115,
Regional Paraguaya,,airline,P7,REP,Paraguay,http://www.regionalparaguaya.com.py/,2008-01-01T00:00:00Z,2010-01-01T00:00:00Z,http://www.wikidata.org/entity/Q3311598,
Regional Sky,,airline,4P,,United States,https://publiccharters.com,,,http://www.wikidata.org/entity/Q105424593,
RegionsAir,,airline,3C,CEA,United States,http://www.regionsair.com,1996-01-01T00:00:00Z,2007-05-25T00:00:00Z,http://www.wikidata.org/entity/Q4048146,
Reno Air,,airline,QQ,ROA,United States,http://www.renoair.com,1990-01-01T00:00:00Z,1999-01-01T00:00:00Z,http://www.wikidata.org/entity/Q2144214,
Republic Airways,,regional airline,YX,RPA,United States,https://rjet.com,1998-01-01T00:00:00Z,,http://www.wikidata.org/entity/Q1669658,
Republic Express Airlines,,airline,RH,RPH,Indonesia,http://www.rpxholding.com/index.php,2001-01-01T00:00:00Z,,http://www.wikidata.org/entity/Q659057,
Republic Express Airlines,,cargo airline,RH,RPH,Indonesia,http://www.rpxholding.com/index.php,2001-01-01T00:00:00Z,,http://www.wikidata.org/entity/Q659057,
Rex Airlines,,airline,ZL,RXA,Australia,http://www.rex.com.au,2002-01-01T00:00:00Z,,http://www.wikidata.org/entity/Q788906,
Rex Airlines,,public company,ZL,RXA,Australia,http://www.rex.com.au,2002-01-01T00:00:00Z,,http://www.wikidata.org/entity/Q788906,
Rhein-Neckar Air,,virtual airline,M2,,Germany,https://flyrna.com/,2013-01-01T00:00:00Z,,http://www.wikidata.org/entity/Q15934726,
Riau Airlines,,airline,PK,RIU,Indonesia,http://www.riau-airlines.com,2002-01-01T00:00:00Z,2011-01-01T00:00:00Z,http://www.wikidata.org/entity/Q1756841,
Rio Linhas Aéreas,,airline,RL,RIO,Brazil,http://www.voerio.com/,2007-01-01T00:00:00Z,2017-01-01T00:00:00Z,http://www.wikidata.org/entity/Q5354815,
Rio Sul Serviços Aéreos Regionais,,airline,SL,RSL,Brazil,http://www.rio-sul.com/home.htm,1976-01-01T00:00:00Z,2002-01-01T00:00:00Z,http://www.wikidata.org/entity/Q7335333,
Riyadh International Airlines,,airline,RX,RXI,Saudi Arabia,https://www.riyadhair.com,2023-03-12T00:00:00Z,,http://www.wikidata.org/entity/Q115802741,
Romavia,,airline,WQ,RMV,Romania,http://www.romavia.ro/,1991-01-01T00:00:00Z,2010-01-01T00:00:00Z,http://www.wikidata.org/entity/Q2164227,
Rossiya,,airline,FV,SDM,Russia,http://www.rossiya-airlines.com,1934-05-07T00:00:00Z,,http://www.wikidata.org/entity/Q727452,
Rossiya,,business,FV,SDM,Russia,http://www.rossiya-airlines.com,1934-05-07T00:00:00Z,,http://www.wikidata.org/entity/Q727452,
Rotana Jet,,airline,RG,RJD,United Arab Emirates,http://www.rotanajet.com/,2010-01-01T00:00:00Z,,http://www.wikidata.org/entity/Q4845484,
Rovos Air,,airline,6P,VOS,South Africa,http://rovosair.co.za/,2002-01-01T00:00:00Z,2014-01-01T00:00:00Z,http://www.wikidata.org/entity/Q2564570,
Royal Air Cambodge,,airline,VJ,RAC,Cambodia,http://www.royal-air-cambodge.net,1994-01-01T00:00:00Z,2001-10-16T00:00:00Z,http://www.wikidata.org/entity/Q3445859,
Royal Air Maroc,,airline,AT,RAM,Morocco,http://www.royalairmaroc.com,1957-06-18T00:00:00Z,,http://www.wikidata.org/entity/Q866103,x
Royal Air Maroc Express,,airline,FN,RXP,Morocco,https://www.royalairmaroc.com/ma-ar,2009-01-01T00:00:00Z,,http://www.wikidata.org/entity/Q3445865,
Royal Airlines,,airline,R0,RPK,Pakistan,http://www.ras.com.pk/,1998-01-01T00:00:00Z,,http://www.wikidata.org/entity/Q6128620,
Royal Bengal Airline,,airline,4A,RRY,Bangladesh,http://www.flyroyalbengal.com/,2006-01-01T00:00:00Z,2009-01-01T00:00:00Z,http://www.wikidata.org/entity/Q7373817,
Royal Brunei Airlines,,airline,BI,RBA,Brunei,https://www.flyroyalbrunei.com/,1974-01-01T00:00:00Z,,http://www.wikidata.org/entity/Q1050783,
Royal Eswatini National Airways,,airline,ZC,RSN,Eswatini,http://www.royal-swazi.com,1978-08-01T00:00:00Z,1999-04-12T00:00:00Z,http://www.wikidata.org/entity/Q1567702,
Royal Falcon,,airline,RL,RFJ,Jordan,http://www.royalfalcon.com.jo/,2007-01-01T00:00:00Z,2016-08-01T00:00:00Z,http://www.wikidata.org/entity/Q3496564,
Royal Flight,,airline,RL,ABG,Russia,http://www.royalflight.ru/,2014-01-01T00:00:00Z,2022-05-01T00:00:00Z,http://www.wikidata.org/entity/Q17492738,
Royal Fly-GH,,airline,5G,FOX,Ghana,http://www.fly-gh.com/,2010-01-01T00:00:00Z,,http://www.wikidata.org/entity/Q24913598,
Royal Jordanian,,airline,RJ,RJA,Jordan,http://www.rj.com,1967-01-01T00:00:00Z,,http://www.wikidata.org/entity/Q824225,
Royal Khmer Airlines,,airline,RK,RKH,Cambodia,http://www.royalkhmerairlines.com/,2000-01-01T00:00:00Z,2011-01-01T00:00:00Z,http://www.wikidata.org/entity/Q1871467,
Royal Wings,,airline,RY,RYW,Jordan,http://www.royalwings.com.jo/,1996-01-01T00:00:00Z,,http://www.wikidata.org/entity/Q1816550,
Ruili Airlines,,organization,DR,RLH,People's Republic of China,http://www.rlair.net,2014-01-01T00:00:00Z,,http://www.wikidata.org/entity/Q15927588,
Ruili Airlines,,airline,DR,RLH,People's Republic of China,http://www.rlair.net,2014-01-01T00:00:00Z,,http://www.wikidata.org/entity/Q15927588,
RusLine,,airline,7R,RLU,Russia,http://www.rusline.aero,1999-01-01T00:00:00Z,,http://www.wikidata.org/entity/Q1138501,
RwandAir,,airline,WB,RWD,Rwanda,http://www.rwandair.com/,2002-01-01T00:00:00Z,,http://www.wikidata.org/entity/Q392542,
Ryan International Airlines,,airline,RD,RYN,United States,http://www.iflyryan.com/,1972-01-01T00:00:00Z,2013-01-11T00:00:00Z,http://www.wikidata.org/entity/Q849220,
Ryanair,,organization,FR,RYR,Ireland,https://www.ryanair.com/,1985-01-01T00:00:00Z,,http://www.wikidata.org/entity/Q170614,x
Ryanair,,airline,FR,RYR,Ireland,https://www.ryanair.com/,1985-01-01T00:00:00Z,,http://www.wikidata.org/entity/Q170614,
Ryanair,,public company,FR,RYR,Ireland,https://www.ryanair.com/,1985-01-01T00:00:00Z,,http://www.wikidata.org/entity/Q170614,
Ryanair UK,,organization,RK,RUK,United Kingdom,http://www.ryanair.com/,1985-05-30T00:00:00Z,,http://www.wikidata.org/entity/Q60521096,
Ryanair UK,,airline,RK,RUK,United Kingdom,http://www.ryanair.com/,1985-05-30T00:00:00Z,,http://www.wikidata.org/entity/Q60521096,
Régional,,airline,YS,RAE,France,http://regional.com,2001-01-01T00:00:00Z,2017-01-01T00:00:00Z,http://www.wikidata.org/entity/Q1139054,
SAEREO,,airline,MZ,SRO,Ecuador,http://saereo.misiva.com.ec/,2005-01-01T00:00:00Z,,http://www.wikidata.org/entity/Q7388496,
SAETA,,airline,EH,SET,Ecuador,http://www.saeta.com.ec/,1960-01-01T00:00:00Z,2000-01-01T00:00:00Z,http://www.wikidata.org/entity/Q1342216,
SAM Colombia,,airline,MM,SAM,Colombia,http://www.avianca.com/,1945-01-01T00:00:00Z,2010-10-04T00:00:00Z,http://www.wikidata.org/entity/Q7388646,
SAS Braathens,,airline,BU,CNO,Norway,http://www.sasbraathens.no/,2004-01-01T00:00:00Z,2007-01-01T00:00:00Z,http://www.wikidata.org/entity/Q3306710,
SAS Cargo Group,,cargo airline,SK,SAS,Sweden,http://www.sascargo.com/,,,http://www.wikidata.org/entity/Q7388799,
SAT Airlines,,airline,HZ,SHU,Russia,http://flyaurora.ru,1992-01-01T00:00:00Z,2013-01-01T00:00:00Z,http://www.wikidata.org/entity/Q1332947,
SATA Air Açores,,airline,SP,SAT,Portugal,https://www.azoresairlines.pt/,1941-01-01T00:00:00Z,,http://www.wikidata.org/entity/Q1243903,
SATENA,,regional airline,9R,NSE,Colombia,http://www.satena.com,1962-01-01T00:00:00Z,,http://www.wikidata.org/entity/Q1810636,
SBA Airlines,,airline,S3,BBR,Venezuela,http://www.sbairlines.com,1995-01-01T00:00:00Z,2018-04-26T00:00:00Z,http://www.wikidata.org/entity/Q930943,
SCAT Airlines,,airline,DV,VSV,Kazakhstan,https://www.scat.kz/,1997-01-01T00:00:00Z,,http://www.wikidata.org/entity/Q650170,
SETE Linhas Aéreas,,airline,5O,SLX,Brazil,http://www.voesete.com.br/,1999-01-01T00:00:00Z,2017-01-01T00:00:00Z,http://www.wikidata.org/entity/Q4048732,
SF Airlines,,airline,O3,CSS,People's Republic of China,http://www.sf-airlines.com,2009-01-01T00:00:00Z,,http://www.wikidata.org/entity/Q4253231,
SN Brussels Airlines,,airline,SN,DAT,Belgium,https://www.brussels-airlines.com,2002-01-01T00:00:00Z,2006-01-01T00:00:00Z,http://www.wikidata.org/entity/Q638450,
STP Airways,,airline,8F,STP,São Tomé and Príncipe,http://www.stpairways.st/stpairways/index.asp?id_sessionlangue=2,2008-01-01T00:00:00Z,,http://www.wikidata.org/entity/Q1327224,
SUA,,airline,S9,SUA,Uruguay,https://flysua.com/,2024-01-28T00:00:00Z,,http://www.wikidata.org/entity/Q133878947,
Sabah Air,,airline,SA,SAX,Malaysia,http://www.sabahair.com.my,1975-01-01T00:00:00Z,,http://www.wikidata.org/entity/Q4048936,
Safair,,airline,FA,SFR,South Africa,http://www.safairoperations.com/,1969-01-01T00:00:00Z,,http://www.wikidata.org/entity/Q1812328,
Safarilink Aviation,,airline,F2,XLK,Kenya,https://www.flysafarilink.com/,2004-01-01T00:00:00Z,,http://www.wikidata.org/entity/Q7398407,
Safi Airways,,airline,4Q,SFW,Afghanistan,http://www.safiairways.com/,2006-01-01T00:00:00Z,2017-08-01T00:00:00Z,http://www.wikidata.org/entity/Q1468348,
SalamAir,,airline,OV,OMS,Oman,https://salamair.com/,2016-01-01T00:00:00Z,,http://www.wikidata.org/entity/Q27926620,
Salmon Air,,airline,S6,MBI,United States,https://www.mccallaviation.com/,1968-01-01T00:00:00Z,,http://www.wikidata.org/entity/Q2214792,
Salsa d'Haiti,,airline,SO,SLC,Haiti,http://www.flysalsa.com,2008-01-01T00:00:00Z,2013-01-01T00:00:00Z,http://www.wikidata.org/entity/Q7405758,
Sama,,airline,ZS,SMY,Saudi Arabia,http://www.flysama.com/,2007-01-01T00:00:00Z,2010-01-01T00:00:00Z,http://www.wikidata.org/entity/Q977140,
Samair,,airline,9C,CCS,Slovakia,http://www.samair.sk/,2010-01-01T00:00:00Z,2014-01-01T00:00:00Z,http://www.wikidata.org/entity/Q3339370,
Samara Airlines,,airline,E5,BRZ,Russia,http://www.samara-airlines.ru,1996-01-01T00:00:00Z,2008-01-01T00:00:00Z,http://www.wikidata.org/entity/Q1299756,
Samarkand Airways,,airline,C7,UZS,Uzbekistan,http://www.c7.aero,2005-01-01T00:00:00Z,,http://www.wikidata.org/entity/Q2487070,
Samoa Airways,,airline,OL,PAO,Samoa,http://samoaairways.com/,1959-01-01T00:00:00Z,,http://www.wikidata.org/entity/Q956449,
Saratov Airlines,,airline,6W,SOV,Russia,http://www.saratovairlines.ru,1995-01-01T00:00:00Z,2018-05-30T00:00:00Z,http://www.wikidata.org/entity/Q1481299,
Saudia,,airline,SV,SVA,Saudi Arabia,https://www.saudia.com/,1945-09-01T00:00:00Z,,http://www.wikidata.org/entity/Q541179,
Saudia Cargo,,cargo airline,SV,SVA,Saudi Arabia,https://www.saudiacargo.com/,2007-01-01T00:00:00Z,,http://www.wikidata.org/entity/Q65075189,
Saudigulf,,airline,6S,SGQ,Saudi Arabia,http://www.saudigulfairlines.com/,2013-01-01T00:00:00Z,,http://www.wikidata.org/entity/Q16127507,
Saurya Airlines,,airline,S1,SAU,Nepal,http://www.sauryaairlines.com/,2014-01-01T00:00:00Z,,http://www.wikidata.org/entity/Q18636606,
Sayakhat Airlines,,airline,W7,SAH,Kazakhstan,http://www.sayakhat.kz/,1989-01-01T00:00:00Z,2012-01-01T00:00:00Z,http://www.wikidata.org/entity/Q1502550,
Scandinavian Airlines,,airline,SK,SAS,Norway,https://www.flysas.com,1946-08-01T00:00:00Z,,http://www.wikidata.org/entity/Q187854,x
Scandinavian Airlines,,public company,SK,SAS,Norway,https://www.flysas.com,1946-08-01T00:00:00Z,,http://www.wikidata.org/entity/Q187854,
Scandinavian Airlines,,airline,SK,SAS,Sweden,https://www.flysas.com,1946-08-01T00:00:00Z,,http://www.wikidata.org/entity/Q187854,
Scandinavian Airlines,,public company,SK,SAS,Sweden,https://www.flysas.com,1946-08-01T00:00:00Z,,http://www.wikidata.org/entity/Q187854,
Scandinavian Airlines,,airline,SK,SAS,Denmark,https://www.flysas.com,1946-08-01T00:00:00Z,,http://www.wikidata.org/entity/Q187854,
Scandinavian Airlines,,public company,SK,SAS,Denmark,https://www.flysas.com,1946-08-01T00:00:00Z,,http://www.wikidata.org/entity/Q187854,
Scandinavian Airlines,,airline,SK,SAS,Norway,https://www.sas.dk/,1946-08-01T00:00:00Z,,http://www.wikidata.org/entity/Q187854,
Scandinavian Airlines,,public company,SK,SAS,Norway,https://www.sas.dk/,1946-08-01T00:00:00Z,,http://www.wikidata.org/entity/Q187854,
Scandinavian Airlines,,airline,SK,SAS,Sweden,https://www.sas.dk/,1946-08-01T00:00:00Z,,http://www.wikidata.org/entity/Q187854,
Scandinavian Airlines,,public company,SK,SAS,Sweden,https://www.sas.dk/,1946-08-01T00:00:00Z,,http://www.wikidata.org/entity/Q187854,
Scandinavian Airlines,,airline,SK,SAS,Denmark,https://www.sas.dk/,1946-08-01T00:00:00Z,,http://www.wikidata.org/entity/Q187854,
Scandinavian Airlines,,public company,SK,SAS,Denmark,https://www.sas.dk/,1946-08-01T00:00:00Z,,http://www.wikidata.org/entity/Q187854,
Scandinavian Airlines,,airline,SK,SAS,Norway,https://www.sas.no/,1946-08-01T00:00:00Z,,http://www.wikidata.org/entity/Q187854,
Scandinavian Airlines,,public company,SK,SAS,Norway,https://www.sas.no/,1946-08-01T00:00:00Z,,http://www.wikidata.org/entity/Q187854,
Scandinavian Airlines,,airline,SK,SAS,Sweden,https://www.sas.no/,1946-08-01T00:00:00Z,,http://www.wikidata.org/entity/Q187854,
Scandinavian Airlines,,public company,SK,SAS,Sweden,https://www.sas.no/,1946-08-01T00:00:00Z,,http://www.wikidata.org/entity/Q187854,
Scandinavian Airlines,,airline,SK,SAS,Denmark,https://www.sas.no/,1946-08-01T00:00:00Z,,http://www.wikidata.org/entity/Q187854,
Scandinavian Airlines,,public company,SK,SAS,Denmark,https://www.sas.no/,1946-08-01T00:00:00Z,,http://www.wikidata.org/entity/Q187854,
Scandinavian Airlines,,airline,SK,SAS,Norway,https://www.sas.se/,1946-08-01T00:00:00Z,,http://www.wikidata.org/entity/Q187854,
Scandinavian Airlines,,public company,SK,SAS,Norway,https://www.sas.se/,1946-08-01T00:00:00Z,,http://www.wikidata.org/entity/Q187854,
Scandinavian Airlines,,airline,SK,SAS,Sweden,https://www.sas.se/,1946-08-01T00:00:00Z,,http://www.wikidata.org/entity/Q187854,
Scandinavian Airlines,,public company,SK,SAS,Sweden,https://www.sas.se/,1946-08-01T00:00:00Z,,http://www.wikidata.org/entity/Q187854,
Scandinavian Airlines,,airline,SK,SAS,Denmark,https://www.sas.se/,1946-08-01T00:00:00Z,,http://www.wikidata.org/entity/Q187854,
Scandinavian Airlines,,public company,SK,SAS,Denmark,https://www.sas.se/,1946-08-01T00:00:00Z,,http://www.wikidata.org/entity/Q187854,
Scenic Airlines,,airline,YR,SCE,United States,http://www.scenic.com,1967-01-01T00:00:00Z,,http://www.wikidata.org/entity/Q7430803,
Scoot,,airline,TR,SCO,Singapore,http://www.flyscoot.com,2011-01-01T00:00:00Z,,http://www.wikidata.org/entity/Q1319404,x
Scoot,,airline,TZ,SCO,Singapore,http://www.flyscoot.com,2011-01-01T00:00:00Z,,http://www.wikidata.org/entity/Q1319404,
Scoot,,airline,TR,TGW,Singapore,http://www.flyscoot.com,2011-01-01T00:00:00Z,,http://www.wikidata.org/entity/Q1319404,
Scoot,,airline,TZ,TGW,Singapore,http://www.flyscoot.com,2011-01-01T00:00:00Z,,http://www.wikidata.org/entity/Q1319404,
SeaPort Airlines,,airline,K5,SQH,United States,http://www.seaportair.com,2008-01-01T00:00:00Z,2016-01-01T00:00:00Z,http://www.wikidata.org/entity/Q891637,
Seaborne Airlines,,airline,BB,SBS,United States,http://www.seaborneairlines.com/,1992-01-01T00:00:00Z,,http://www.wikidata.org/entity/Q3476678,
Seagle Air,,airline,SJ,CGL,Slovakia,http://www.seagleair.sk/,1995-01-01T00:00:00Z,2009-01-01T00:00:00Z,http://www.wikidata.org/entity/Q1130246,
Seagle Air,,business,SJ,CGL,Slovakia,http://www.seagleair.sk/,1995-01-01T00:00:00Z,2009-01-01T00:00:00Z,http://www.wikidata.org/entity/Q1130246,
Serene Air,,airline,ER,SEP,Pakistan,https://www.sereneair.com/,,,http://www.wikidata.org/entity/Q28173448,
Servant Air,,airline,8D,,United States,http://www.servantair.com,2003-01-01T00:00:00Z,,http://www.wikidata.org/entity/Q4049314,
Servicios Aéreos Profesionales,,airline,5S,PSV,Dominican Republic,https://www.sapair.com/,1981-01-01T00:00:00Z,,http://www.wikidata.org/entity/Q7455871,
Severstal Air Company,,airline,D2,SSF,Russia,http://www.severstal-avia.ru/,,,http://www.wikidata.org/entity/Q2068300,
Shaheen Air,,airline,NL,SAI,Pakistan,http://www.shaheenair.com/,1993-01-01T00:00:00Z,,http://www.wikidata.org/entity/Q1373561,
Shandong Airlines,,airline,SC,CDG,People's Republic of China,http://www.shandongair.com.cn/,1994-01-01T00:00:00Z,,http://www.wikidata.org/entity/Q1153602,
Shandong Airlines,,public company,SC,CDG,People's Republic of China,http://www.shandongair.com.cn/,1994-01-01T00:00:00Z,,http://www.wikidata.org/entity/Q1153602,
Shanghai Airlines,,airline,FM,CSH,People's Republic of China,http://www.shanghai-air.com,1985-01-01T00:00:00Z,,http://www.wikidata.org/entity/Q721994,
Shanghai Airlines Cargo,,airline,F4,SHQ,People's Republic of China,http://ecargo.shanghai-air.com/english.htm,2006-01-01T00:00:00Z,2011-01-01T00:00:00Z,http://www.wikidata.org/entity/Q869160,
Sharp Airlines,,airline,SH,,Australia,http://www.sharpairlines.com.au,1990-01-01T00:00:00Z,,http://www.wikidata.org/entity/Q1699783,
Shenzhen Airlines,,airline,ZH,CSZ,People's Republic of China,http://www.shenzhenair.com/,1992-01-01T00:00:00Z,,http://www.wikidata.org/entity/Q974899,
Shirak Avia,,airline,5G,SHS,,https://shirakavia.am,2019-01-01T00:00:00Z,,http://www.wikidata.org/entity/Q112190882,
Shree Airlines,,airline,N9,SHA,Nepal,https://www.shreeairlines.com,1999-01-01T00:00:00Z,,http://www.wikidata.org/entity/Q7503470,
Shuttle America,,airline,S5,TCF,United States,http://www.shuttleamerica.com/,1998-01-01T00:00:00Z,2017-01-31T00:00:00Z,http://www.wikidata.org/entity/Q1280621,
Siam Air,,airline,O8,RBR,Thailand,http://www.siamair.co.th/,2014-01-01T00:00:00Z,,http://www.wikidata.org/entity/Q18171855,
Sichuan Airlines,,airline,3U,CSC,People's Republic of China,http://www.sichuanair.com,1986-01-01T00:00:00Z,,http://www.wikidata.org/entity/Q291944,
Siem Reap Airways International,,airline,FT,SRH,Cambodia,http://www.siemreapairways.com,2000-01-01T00:00:00Z,2008-01-01T00:00:00Z,http://www.wikidata.org/entity/Q748279,
Sierra National Airlines,,airline,LJ,SLA,Sierra Leone,http://www.flysna.com/,1990-01-01T00:00:00Z,2006-01-01T00:00:00Z,http://www.wikidata.org/entity/Q305308,
Silk Way Airline,,airline,ZP,AZQ,Azerbaijan,https://silkwayairlines.com/,2001-01-01T00:00:00Z,,http://www.wikidata.org/entity/Q1715027,
Silk Way West Airlines,,cargo airline,7L,AZG,Azerbaijan,http://www.silkwaywest.com/en/,2012-01-01T00:00:00Z,,http://www.wikidata.org/entity/Q18434260,
Silk Way West Airlines,,cargo airline,7L,AZG,Azerbaijan,https://silkwaywest.com/,2012-01-01T00:00:00Z,,http://www.wikidata.org/entity/Q18434260,
SilkAir,,airline,MI,SLK,Singapore,https://www.silkair.com/en_UK/sg/home,1992-04-01T00:00:00Z,2021-01-28T00:00:00Z,http://www.wikidata.org/entity/Q284748,
Silver Airways,,airline,3M,SIL,United States,https://silverairways.com,2011-01-01T00:00:00Z,,http://www.wikidata.org/entity/Q1554309,
Silverjet,,airline,Y7,SLR,United Kingdom,http://www.flysilverjet.com,2006-01-01T00:00:00Z,2008-01-01T00:00:00Z,http://www.wikidata.org/entity/Q1517245,
Silverstone Air,,airline,K5,SLR,Kenya,http://www.silverstoneair.com,2013-01-01T00:00:00Z,2020-01-01T00:00:00Z,http://www.wikidata.org/entity/Q65043358,
Simrik Airlines,,airline,SH,RMK,Nepal,http://www.simrikairlines.com/,2009-01-01T00:00:00Z,,http://www.wikidata.org/entity/Q17019623,
Singapore Airlines,,airline,SQ,SIA,Singapore,https://www.singaporeair.com/,1964-01-01T00:00:00Z,,http://www.wikidata.org/entity/Q32245,
Singapore Airlines,,public company,SQ,SIA,Singapore,https://www.singaporeair.com/,1964-01-01T00:00:00Z,,http://www.wikidata.org/entity/Q32245,
Singapore Airlines Cargo,,airline,SQ,SQC,Singapore,http://www.siacargo.com,2001-01-01T00:00:00Z,2018-01-01T00:00:00Z,http://www.wikidata.org/entity/Q1368387,
Sita Air,,airline,ST,,Nepal,http://www.sitaair.com.np/,2003-01-01T00:00:00Z,,http://www.wikidata.org/entity/Q1495905,
Skippers Aviation,,regional airline,JW,,Australia,http://www.skippers.com.au/,1990-01-01T00:00:00Z,,http://www.wikidata.org/entity/Q499539,
Sky Airlines,,airline,ZY,SHY,Turkey,http://www.skyairlines.net/,2000-01-01T00:00:00Z,2013-01-01T00:00:00Z,http://www.wikidata.org/entity/Q1547155,
Sky Alps,,airline,BQ,SWU,Italy,https://www.skyalps.com/,2020-01-01T00:00:00Z,,http://www.wikidata.org/entity/Q99546065,
Sky Angkor Airlines,,airline,ZA,SWM,Cambodia,http://www.skywingsair.com/,2011-01-01T00:00:00Z,,http://www.wikidata.org/entity/Q1052688,
Sky Aviation,,airline,SY,,Indonesia,http://www.sky-aviation.co.id,2010-01-01T00:00:00Z,2014-01-01T00:00:00Z,http://www.wikidata.org/entity/Q2355987,
Sky Bishkek,,airline,GY,BIS,Kyrgyzstan,http://www.skybishkek.kg/,2012-01-01T00:00:00Z,,http://www.wikidata.org/entity/Q4049593,
Sky Gabon,,airline,GV,SKG,Gabon,http://www.skygabon.com/,2006-01-01T00:00:00Z,,http://www.wikidata.org/entity/Q7537324,
Sky Gates Airlines,,cargo airline,U3,SAY,Russia,http://skygates.aero/,2016-01-01T00:00:00Z,,http://www.wikidata.org/entity/Q55394542,
Sky Georgia,,airline,QB,GFG,Georgia,http://www.skygeorgia.org/,1998-01-01T00:00:00Z,2011-01-01T00:00:00Z,http://www.wikidata.org/entity/Q2293317,
Sky Lease Cargo,,airline,GG,KYE,United States,http://www.skyleasecargo.com/,1969-01-01T00:00:00Z,,http://www.wikidata.org/entity/Q2447748,
Sky Pasada,,airline,SP,WCC,Philippines,http://www.skypasada.com,2010-01-01T00:00:00Z,,http://www.wikidata.org/entity/Q7537450,
Sky Regional Airlines,,airline,RS,SKV,Canada,http://www.skyregional.com/,2010-01-01T00:00:00Z,2021-03-31T00:00:00Z,http://www.wikidata.org/entity/Q7537476,
Sky Shuttle Helicopters,,business,3E,EMU,People's Republic of China,http://www.skyshuttlehk.com/,1997-01-01T00:00:00Z,,http://www.wikidata.org/entity/Q7537501,
Sky Shuttle Helicopters,,helicopter airline,3E,EMU,People's Republic of China,http://www.skyshuttlehk.com/,1997-01-01T00:00:00Z,,http://www.wikidata.org/entity/Q7537501,
Sky Shuttle Helicopters,,business,3E,EMU,Hong Kong,http://www.skyshuttlehk.com/,1997-01-01T00:00:00Z,,http://www.wikidata.org/entity/Q7537501,
Sky Shuttle Helicopters,,helicopter airline,3E,EMU,Hong Kong,http://www.skyshuttlehk.com/,1997-01-01T00:00:00Z,,http://www.wikidata.org/entity/Q7537501,
Sky Wings Airlines,,airline,ND,GSW,Greece,http://www.skywings.gr,2004-01-01T00:00:00Z,2012-01-01T00:00:00Z,http://www.wikidata.org/entity/Q763478,
Sky Work Airlines,,airline,SX,SRK,Switzerland,http://www.flyskywork.com,1983-01-01T00:00:00Z,2018-01-01T00:00:00Z,http://www.wikidata.org/entity/Q693008,
SkyAir,,airline,S8,,Bangladesh,http://www.skycapitalairlines.com/,2009-01-01T00:00:00Z,,http://www.wikidata.org/entity/Q7537266,
SkyAirWorld,,airline,S9,SYW,Australia,http://www.skyairworld.com/,2006-01-01T00:00:00Z,2009-02-22T00:00:00Z,http://www.wikidata.org/entity/Q5116247,
SkyBahamas,,airline,Q7,SBM,The Bahamas,http://www.skybahamas.net,,,http://www.wikidata.org/entity/Q2293236,
SkyJet,,airline,5M,MSJ,Philippines,http://www.skyjetair.com/,2005-01-01T00:00:00Z,,http://www.wikidata.org/entity/Q7537176,
SkyLink Arabia,,airline,KH,,United Arab Emirates,http://www.ska-arabia.com/,,,http://www.wikidata.org/entity/Q7537187,
SkyStar Airways,,airline,XT,SKT,Thailand,http://www.skystarairways.com/,2007-01-01T00:00:00Z,2009-01-03T00:00:00Z,http://www.wikidata.org/entity/Q397079,
SkyUp,,airline,PQ,SQP,Ukraine,http://www.skyup.aero/,2018-01-01T00:00:00Z,,http://www.wikidata.org/entity/Q47009940,
SkyUp MT,,airline,U5,SEU,Malta,https://skyup.aero/en/,2023-01-01T00:00:00Z,,http://www.wikidata.org/entity/Q125206321,
SkyValue,,airline,XP,CXP,United States,http://www.flyskyvalue.com,2006-01-01T00:00:00Z,2007-05-06T00:00:00Z,http://www.wikidata.org/entity/Q14628810,
SkyWest Airlines,,regional airline,OO,SKW,United States,https://www.skywest.com/,1972-01-01T00:00:00Z,,http://www.wikidata.org/entity/Q773662,
Skybus Airlines,,airline,SX,SKB,United States,http://www.skybus.com,2004-01-01T00:00:00Z,2008-04-05T00:00:00Z,http://www.wikidata.org/entity/Q694501,
Skyjet Airlines,,airline,UQ,SJU,Uganda,http://www.fly-skyjet.com,2003-01-01T00:00:00Z,,http://www.wikidata.org/entity/Q2781127,
Skyline Airways,,airline,SK,,Nepal,http://nepalhomepage.com/firstpage/,1999-01-01T00:00:00Z,2003-01-01T00:00:00Z,http://www.wikidata.org/entity/Q1677867,
Skyline Express Airlines,,business,QU,UTN,Ukraine,https://skylineexpress.aero/,2008-01-01T00:00:00Z,,http://www.wikidata.org/entity/Q1058657,
Skyline Express Airlines,,airline,QU,UTN,Ukraine,https://skylineexpress.aero/,2008-01-01T00:00:00Z,,http://www.wikidata.org/entity/Q1058657,
Skymark Airlines,,airline,BC,SKY,Japan,http://www.skymark.co.jp,1996-01-01T00:00:00Z,,http://www.wikidata.org/entity/Q735664,
Skymark Airlines,,corporation in Japan,BC,SKY,Japan,http://www.skymark.co.jp,1996-01-01T00:00:00Z,,http://www.wikidata.org/entity/Q735664,
Skyservice Airlines,,airline,5G,SSV,Canada,http://www.skyserviceairlines.com/,1986-01-01T00:00:00Z,2010-01-01T00:00:00Z,http://www.wikidata.org/entity/Q2293459,
Skytaxi,,airline,TE,IGA,Poland,https://skytaxi.aero,2000-01-01T00:00:00Z,,http://www.wikidata.org/entity/Q2293245,
Skyward Airlines,,airline,OW,SEW,Kenya,https://skywardairlines.co.ke/,,,http://www.wikidata.org/entity/Q26794481,
Skyway Airlines,,airline,AL,SYX,United States,http://www.midwestairlines.com,1994-01-01T00:00:00Z,2008-04-01T00:00:00Z,http://www.wikidata.org/entity/Q2293467,
Skyway Enterprises,,airline,KI,SKZ,United States,http://www.skywayent.com,1981-01-01T00:00:00Z,,http://www.wikidata.org/entity/Q7538119,
Skywise Airlines,,airline,C9,SWZ,South Africa,https://www.skywise.co.za,2012-01-01T00:00:00Z,2015-11-01T00:00:00Z,http://www.wikidata.org/entity/Q20736282,
Slok Air International,,airline,S0,OKS,The Gambia,http://www.slok-air.com/,2004-01-01T00:00:00Z,2014-01-01T00:00:00Z,http://www.wikidata.org/entity/Q589629,
Slovak Airlines,,airline,6Q,SLL,Slovakia,http://www.slovakairlines.sk/corpus/index_en.csp,1996-01-01T00:00:00Z,2005-01-01T00:00:00Z,http://www.wikidata.org/entity/Q1048250,
Slovak Airlines,,business,6Q,SLL,Slovakia,http://www.slovakairlines.sk/corpus/index_en.csp,1996-01-01T00:00:00Z,2005-01-01T00:00:00Z,http://www.wikidata.org/entity/Q1048250,
Slovenian Spirit,,airline,Z2,STY,Slovenia,http://www.slovenianspirit.com/index.php?home_en,2002-01-01T00:00:00Z,2006-03-01T00:00:00Z,http://www.wikidata.org/entity/Q4251740,
Small Planet Airlines s.r.l.,,airline,P2,LLI,Italy,http://www.smallplanet.aero/,2010-02-17T00:00:00Z,2014-01-17T00:00:00Z,http://www.wikidata.org/entity/Q15637565,
"Small Planet Airlines, UAB",,airline,S5,LLC,Lithuania,http://www.smallplanet.aero,2007-03-14T00:00:00Z,2018-11-28T00:00:00Z,http://www.wikidata.org/entity/Q153679,
"Small Planet Airlines, UAB",,business,S5,LLC,Lithuania,http://www.smallplanet.aero,2007-03-14T00:00:00Z,2018-11-28T00:00:00Z,http://www.wikidata.org/entity/Q153679,
Smart Aviation Company,,airline,M4,SME,Egypt,http://www.smartaviation.com.eg/,2007-01-01T00:00:00Z,,http://www.wikidata.org/entity/Q4118246,
SmartLynx Airlines Malta,,charter airline,2N,LYX,Malta,https://www.smartlynx.mt/,,,http://www.wikidata.org/entity/Q86659536,
SmartLynx Australia,,airline,Q6,SKP,Australia,https://www.smartlynx.au,1990-01-01T00:00:00Z,,http://www.wikidata.org/entity/Q499869,
SmartWings,,airline,QS,,Czech Republic,https://www.smartwings.com/,2004-01-01T00:00:00Z,,http://www.wikidata.org/entity/Q774608,
SmartWings,,brand,QS,,Czech Republic,https://www.smartwings.com/,2004-01-01T00:00:00Z,,http://www.wikidata.org/entity/Q774608,
Smartwings,,airline,QS,TVS,Czech Republic,https://www.smartwings.com/,1997-01-01T00:00:00Z,,http://www.wikidata.org/entity/Q1853488,
Smartwings,,business,QS,TVS,Czech Republic,https://www.smartwings.com/,1997-01-01T00:00:00Z,,http://www.wikidata.org/entity/Q1853488,
Smartwings,,enterprise,QS,TVS,Czech Republic,https://www.smartwings.com/,1997-01-01T00:00:00Z,,http://www.wikidata.org/entity/Q1853488,
Smartwings Hungary,,airline,7O,TVL,Hungary,https://www.smartwings.com/hu/,2001-01-01T00:00:00Z,,http://www.wikidata.org/entity/Q823430,
Sol Dominicana Airlines,,airline,DA,SDA,Dominican Republic,http://www.vuelesol.com,2007-01-01T00:00:00Z,2009-01-01T00:00:00Z,http://www.wikidata.org/entity/Q5414196,
Sol del Paraguay,,airline,PI,SGU,Paraguay,http://www.viajaconsol.com/,2010-01-01T00:00:00Z,,http://www.wikidata.org/entity/Q1328746,
Sola Air,,airline,OJ,,,https://www.solaair.se/,,,http://www.wikidata.org/entity/Q137824737,
Solar Cargo,,airline,4S,OLC,Venezuela,http://www.solarcargo.com/,2001-01-01T00:00:00Z,,http://www.wikidata.org/entity/Q26268368,
Solaseed Air,,airline,6J,SNJ,Japan,https://www.solaseedair.jp/,2002-01-01T00:00:00Z,,http://www.wikidata.org/entity/Q1367476,
Solaseed Air,,kabushiki gaisha,6J,SNJ,Japan,https://www.solaseedair.jp/,2002-01-01T00:00:00Z,,http://www.wikidata.org/entity/Q1367476,
Solaseed Air,,airline,6J,SNJ,Japan,https://www.solaseedair.jp/cn/,2002-01-01T00:00:00Z,,http://www.wikidata.org/entity/Q1367476,
Solaseed Air,,kabushiki gaisha,6J,SNJ,Japan,https://www.solaseedair.jp/cn/,2002-01-01T00:00:00Z,,http://www.wikidata.org/entity/Q1367476,
Solaseed Air,,airline,6J,SNJ,Japan,https://www.solaseedair.jp/en/,2002-01-01T00:00:00Z,,http://www.wikidata.org/entity/Q1367476,
Solaseed Air,,kabushiki gaisha,6J,SNJ,Japan,https://www.solaseedair.jp/en/,2002-01-01T00:00:00Z,,http://www.wikidata.org/entity/Q1367476,
Solaseed Air,,airline,6J,SNJ,Japan,https://www.solaseedair.jp/kr/,2002-01-01T00:00:00Z,,http://www.wikidata.org/entity/Q1367476,
Solaseed Air,,kabushiki gaisha,6J,SNJ,Japan,https://www.solaseedair.jp/kr/,2002-01-01T00:00:00Z,,http://www.wikidata.org/entity/Q1367476,
Solaseed Air,,airline,6J,SNJ,Japan,https://www.solaseedair.jp/tw/,2002-01-01T00:00:00Z,,http://www.wikidata.org/entity/Q1367476,
Solaseed Air,,kabushiki gaisha,6J,SNJ,Japan,https://www.solaseedair.jp/tw/,2002-01-01T00:00:00Z,,http://www.wikidata.org/entity/Q1367476,
Solomon Airlines,,airline,IE,SOL,Solomon Islands,http://www.flysolomons.com/,1962-01-01T00:00:00Z,,http://www.wikidata.org/entity/Q1812615,
Somon Air,,airline,SZ,SMR,Tajikistan,https://www.somonair.com/,2008-01-01T00:00:00Z,,http://www.wikidata.org/entity/Q2095409,
Song,,organization,DL,DAL,United States,http://www.flysong.com/,2003-01-01T00:00:00Z,2006-05-01T00:00:00Z,http://www.wikidata.org/entity/Q667992,
Song,,airline,DL,DAL,United States,http://www.flysong.com/,2003-01-01T00:00:00Z,2006-05-01T00:00:00Z,http://www.wikidata.org/entity/Q667992,
Sosoliso Airlines,,airline,SO,OSL,Nigeria,http://web.archive.org/web/*/http://sosolisoairline.com/,1994-01-01T00:00:00Z,2007-01-01T00:00:00Z,http://www.wikidata.org/entity/Q3491355,
South African Airways,,airline,SA,SAA,South Africa,https://www.flysaa.com,1934-01-01T00:00:00Z,,http://www.wikidata.org/entity/Q223763,
South African Express,,airline,XZ,EXY,South Africa,http://www.flyexpress.aero/,1994-04-24T00:00:00Z,2020-04-28T00:00:00Z,http://www.wikidata.org/entity/Q1367831,
South Airlines,,airline,YG,OTL,Ukraine,http://www.otlavia.com,1999-01-01T00:00:00Z,2013-02-01T00:00:00Z,http://www.wikidata.org/entity/Q2470662,
Southern Air Charter,,airline,PL,SOA,The Bahamas,http://www.southernaircharter.com,1998-01-01T00:00:00Z,,http://www.wikidata.org/entity/Q7569595,
Southern Airways Express,,regional airline,9X,LTD,United States,https://iflysouthern.com/,2013-01-01T00:00:00Z,,http://www.wikidata.org/entity/Q14628874,
Southern Star Airlines,,airline,4P,,South Sudan,http://www.flysouthernstar.com,2011-01-01T00:00:00Z,2011-01-01T00:00:00Z,http://www.wikidata.org/entity/Q7570493,
Southwest Airlines,,public company,WN,SWA,United States,https://espanol.southwest.com/,1967-03-15T00:00:00Z,,http://www.wikidata.org/entity/Q503308,x
Southwest Airlines,,business,WN,SWA,United States,https://espanol.southwest.com/,1967-03-15T00:00:00Z,,http://www.wikidata.org/entity/Q503308,
Southwest Airlines,,airline,WN,SWA,United States,https://www.southwest.com/,1967-03-15T00:00:00Z,,http://www.wikidata.org/entity/Q503308,
Southwest Airlines,,public company,WN,SWA,United States,https://www.southwest.com/,1967-03-15T00:00:00Z,,http://www.wikidata.org/entity/Q503308,
Southwest Airlines,,business,WN,SWA,United States,https://www.southwest.com/,1967-03-15T00:00:00Z,,http://www.wikidata.org/entity/Q503308,
Southwest Airlines,,airline,WN,SWA,United States,https://espanol.southwest.com/,1967-03-15T00:00:00Z,,http://www.wikidata.org/entity/Q503308,
Southwind Airlines,,airline,2S,STW,Turkey,https://southwindairlines.com/,,,http://www.wikidata.org/entity/Q113739147,
Spanair,,airline,JK,JKK,Spain,http://www.spanair.com/,1986-12-01T00:00:00Z,2012-01-28T00:00:00Z,http://www.wikidata.org/entity/Q204122,
Sparrow Aviation,,airline,9I,,Sweden,http://www.flyglinjen.se/,2014-07-01T00:00:00Z,2018-06-25T00:00:00Z,http://www.wikidata.org/entity/Q5463317,
SpiceJet,,airline,SG,SEJ,India,https://www.spicejet.com/,2005-01-01T00:00:00Z,,http://www.wikidata.org/entity/Q943813,
SpiceJet,,public company,SG,SEJ,India,https://www.spicejet.com/,2005-01-01T00:00:00Z,,http://www.wikidata.org/entity/Q943813,
Spirit Airlines,,organization,NK,NKS,United States,https://www.spirit.com/,1983-01-01T00:00:00Z,,http://www.wikidata.org/entity/Q1190598,x
Spirit Airlines,,airline,NK,NKS,United States,https://www.spirit.com/,1983-01-01T00:00:00Z,,http://www.wikidata.org/entity/Q1190598,
Spirit Airlines,,public company,NK,NKS,United States,https://www.spirit.com/,1983-01-01T00:00:00Z,,http://www.wikidata.org/entity/Q1190598,
Spirit of Manila Airlines,,airline,SM,MNP,Philippines,http://www.spiritofmanilaairlines.com/,2008-01-01T00:00:00Z,2012-01-01T00:00:00Z,http://www.wikidata.org/entity/Q1138154,
Spring Airlines,,airline,9C,CQH,People's Republic of China,https://www.ch.com/,2004-01-01T00:00:00Z,,http://www.wikidata.org/entity/Q1340408,
Spring Airlines,,public company,9C,CQH,People's Republic of China,https://www.ch.com/,2004-01-01T00:00:00Z,,http://www.wikidata.org/entity/Q1340408,
Spring Airlines Japan,,organization,IJ,SJO,Japan,http://jp.ch.com/,2012-10-01T00:00:00Z,,http://www.wikidata.org/entity/Q11513792,
Spring Airlines Japan,,airline,IJ,SJO,Japan,http://jp.ch.com/,2012-10-01T00:00:00Z,,http://www.wikidata.org/entity/Q11513792,
SprintAir,,airline,P8,SRN,Poland,http://sprintair.eu,2003-01-01T00:00:00Z,,http://www.wikidata.org/entity/Q5490298,
SriLankan Airlines,,airline,UL,ALK,Sri Lanka,http://www.srilankan.com,1979-07-01T00:00:00Z,,http://www.wikidata.org/entity/Q853293,
Sriwijaya Air,,airline,SJ,SJY,Indonesia,http://www.sriwijayaair.co.id/id,2003-01-01T00:00:00Z,,http://www.wikidata.org/entity/Q619089,
St Barth Commuter,,airline,PV,SBU,France,http://www.stbarthcommuter.com,1995-01-01T00:00:00Z,,http://www.wikidata.org/entity/Q1810598,
Star Air (Denmark),,airline,S6,SRR,Denmark,http://www.starair.dk,1987-01-01T00:00:00Z,,http://www.wikidata.org/entity/Q825150,
Star Air Aviation,,airline,6S,URJ,Pakistan,http://www.starairaviation.net,,,http://www.wikidata.org/entity/Q7524390,
Star1 Airlines,,airline,V9,HCW,Lithuania,http://www.star1.lt/en/,2009-01-01T00:00:00Z,2010-10-01T00:00:00Z,http://www.wikidata.org/entity/Q1574563,
StarFlyer,,airline,7G,SFJ,Japan,http://www.starflyer.jp/,2002-01-01T00:00:00Z,,http://www.wikidata.org/entity/Q1344355,
Starline.kz,,airline,DZ,LMZ,Kazakhstan,http://www.starline.kz/,2005-01-18T00:00:00Z,2009-04-01T00:00:00Z,http://www.wikidata.org/entity/Q7602091,
Starlink Aviation,,airline,Q4,TLK,Canada,http://www.starlinkaviation.com/,,,http://www.wikidata.org/entity/Q7602099,
Starlux Airlines,,airline,JX,SJX,Taiwan,https://www.starlux-airlines.com/,2018-05-02T00:00:00Z,,http://www.wikidata.org/entity/Q28056940,
Stobart Air,,regional airline,RE,STK,Ireland,http://www.stobartair.com,2014-03-19T00:00:00Z,2021-06-12T00:00:00Z,http://www.wikidata.org/entity/Q17096618,
Strategic Airlines Luxembourg,,airline,SH,STU,Luxembourg,http://www.strategicairlines.eu,2010-01-01T00:00:00Z,2012-10-01T00:00:00Z,http://www.wikidata.org/entity/Q2353729,
Styrian Spirit,,airline,Z2,STY,Austria,http://www.styrianspirit.com/index.php?home_de,2002-01-01T00:00:00Z,2006-01-01T00:00:00Z,http://www.wikidata.org/entity/Q697009,
Suckling Airways,,airline,CB,SAY,United Kingdom,http://www.sucklingairways.co.uk,1984-01-01T00:00:00Z,2013-05-16T00:00:00Z,http://www.wikidata.org/entity/Q451542,
Sudan Airways,,airline,SD,SUD,Sudan,https://www.sudanair.com/,1947-01-01T00:00:00Z,,http://www.wikidata.org/entity/Q864117,
Sun Air,,airline,SO,SNR,Sudan,http://www.sunairgroup.com/,,,http://www.wikidata.org/entity/Q12857077,
Sun Air International,,airline,LW,FDY,United States,http://www.flysunairexpress.com/,,,http://www.wikidata.org/entity/Q7638188,
Sun Air of Scandinavia,,airline,EZ,SUS,Denmark,http://www.uk.sun-air.dk,1978-01-01T00:00:00Z,,http://www.wikidata.org/entity/Q1146091,
Sun Air of Scandinavia,,airline,EZ,SUS,Denmark,https://www.sun-air.dk,1978-01-01T00:00:00Z,,http://www.wikidata.org/entity/Q1146091,
Sun Country Airlines,,airline,SY,SCX,United States,https://www.suncountry.com/,2002-01-01T00:00:00Z,,http://www.wikidata.org/entity/Q866289,
Sun d'Or International Airlines,,airline,LY,ERO,Israel,http://www.sundor.co.il/,1977-01-01T00:00:00Z,,http://www.wikidata.org/entity/Q553149,
Sun d'Or International Airlines,,airline,2U,ERO,Israel,http://www.sundor.co.il/,1977-01-01T00:00:00Z,,http://www.wikidata.org/entity/Q553149,
SunExpress,,airline,XQ,SXS,Turkey,https://www.sunexpress.com,1990-03-09T00:00:00Z,,http://www.wikidata.org/entity/Q1137136,
SunExpress,,joint-stock company,XQ,SXS,Turkey,https://www.sunexpress.com,1990-03-09T00:00:00Z,,http://www.wikidata.org/entity/Q1137136,
SunExpress,,airline,XQ,SXS,Turkey,https://www.sunexpress.com/tr/,1990-03-09T00:00:00Z,,http://www.wikidata.org/entity/Q1137136,
SunExpress,,joint-stock company,XQ,SXS,Turkey,https://www.sunexpress.com/tr/,1990-03-09T00:00:00Z,,http://www.wikidata.org/entity/Q1137136,
SunExpress Deutschland,,airline,XG,SXD,Germany,http://www.sunexpress.de/,2011-06-08T00:00:00Z,2020-06-26T00:00:00Z,http://www.wikidata.org/entity/Q1726112,
Sunair,,airline,ZU,SAV,New Zealand,http://www.sunair.co.nz/,,,http://www.wikidata.org/entity/Q7638765,
Sunclass Airlines,,airline,DK,VKG,Denmark,http://www.thomascookairlines.dk,2008-05-09T00:00:00Z,,http://www.wikidata.org/entity/Q1190358,
Sundair,,charter airline,SR,SDR,Germany,https://www.sundair.com/,2016-02-02T00:00:00Z,,http://www.wikidata.org/entity/Q27886697,
Sunday Airlines,,airline,DV,VSV,Kazakhstan,https://sundayairlines.kz/,2013-01-01T00:00:00Z,,http://www.wikidata.org/entity/Q21528895,
Sundsvallsflyg,,airline,DC,GAO,Sweden,http://www.sundsvallsflyg.se/,2005-01-01T00:00:00Z,2016-01-01T00:00:00Z,http://www.wikidata.org/entity/Q7639881,
Sunny Airways,,airline,2S,SUW,Thailand,http://www.sunnyair.co.th,2010-01-01T00:00:00Z,2012-01-01T00:00:00Z,http://www.wikidata.org/entity/Q7640634,
Sunny Airways,,airline,2S,UNS,Thailand,http://www.sunnyair.co.th,2010-01-01T00:00:00Z,2012-01-01T00:00:00Z,http://www.wikidata.org/entity/Q7640634,
Sunrise Airways,,airline,S6,KSZ,Haiti,http://www.sunriseairways.net,2010-01-01T00:00:00Z,,http://www.wikidata.org/entity/Q7641058,
Sunshine Express Airlines,,airline,CQ,EXL,Australia,http://www.sunshineexpress.com.au/,1998-01-01T00:00:00Z,2007-01-01T00:00:00Z,http://www.wikidata.org/entity/Q7641477,
Sunstate Airlines,,airline,QF,QLK,Australia,http://www.qantas.com/travel/airlines/home/de/de,1981-01-01T00:00:00Z,,http://www.wikidata.org/entity/Q877284,
Sunstate Airlines,,airline,QF,SSQ,Australia,http://www.qantas.com/travel/airlines/home/de/de,1981-01-01T00:00:00Z,,http://www.wikidata.org/entity/Q877284,
Sunwing Airlines,,airline,WG,SWG,Canada,https://www.sunwing.ca/,2005-11-17T00:00:00Z,2024-10-26T00:00:00Z,http://www.wikidata.org/entity/Q1198402,x
Sunwing Airlines,,airline,WG,SWG,Canada,https://www.sunwing.ca/fr/,2005-11-17T00:00:00Z,2024-10-26T00:00:00Z,http://www.wikidata.org/entity/Q1198402,
Suparna Airlines,,airline,Y8,YZR,People's Republic of China,http://www.yzr.com.cn/,2003-01-15T00:00:00Z,,http://www.wikidata.org/entity/Q630591,
Superior Aviation,,airline,SO,HKA,United States,http://www.superioraviation.com/,1979-01-01T00:00:00Z,,http://www.wikidata.org/entity/Q7643491,
Surinam Airways,,airline,PY,SLM,Suriname,http://www.flyslm.com/en/home/,1955-01-01T00:00:00Z,,http://www.wikidata.org/entity/Q1059033,
Susi Air,,airline,SI,SQS,Indonesia,http://www.susiair.com/,2004-01-01T00:00:00Z,,http://www.wikidata.org/entity/Q3029196,
Sverigeflyg,,airline,DC,GAO,Sweden,http://sverigeflyg.se,2001-01-01T00:00:00Z,2016-01-01T00:00:00Z,http://www.wikidata.org/entity/Q509034,
Swaziland Airlink,,airline,4Z,SZL,Eswatini,http://www.flyswaziland.com/,1999-01-01T00:00:00Z,2022-06-01T00:00:00Z,http://www.wikidata.org/entity/Q1487385,
Swiftair,,airline,WT,SWT,Spain,https://www.swiftair.com/,1986-01-01T00:00:00Z,,http://www.wikidata.org/entity/Q1613226,
Swiss Global Air Lines,,airline,LZ,SWU,Switzerland,http://www.swiss.com,2005-11-01T00:00:00Z,2018-04-19T00:00:00Z,http://www.wikidata.org/entity/Q543277,x
Swiss International Air Lines,,airline,LX,SWR,Switzerland,https://www.swiss.com,2002-01-01T00:00:00Z,,http://www.wikidata.org/entity/Q156776,
Swiss Private Aviation,,airline,LX,SWZ,Switzerland,http://www.swiss-private-aviation.com/,1984-01-01T00:00:00Z,2011-02-01T00:00:00Z,http://www.wikidata.org/entity/Q7658899,
Swoop,,airline,WO,WSW,Canada,https://www.flyswoop.com/,2017-01-01T00:00:00Z,2023-10-28T00:00:00Z,http://www.wikidata.org/entity/Q47508526,x
Sylt Air,,airline,7E,AWU,Germany,http://www.syltair.eu/englishversion/home_eng.html,1963-01-01T00:00:00Z,,http://www.wikidata.org/entity/Q321856,
Syphax Airlines,,airline,FS,SYA,Tunisia,https://flysyphaxairlines.com/,2011-01-01T00:00:00Z,2023-01-01T00:00:00Z,http://www.wikidata.org/entity/Q3508987,
Syrian Air,,airline,RB,SYR,Syria,https://syrian-airlines.net/,1961-01-01T00:00:00Z,,http://www.wikidata.org/entity/Q859245,
Sénégal Airlines,,airline,DN,SGG,Senegal,http://www.senegalairlines.aero/,2009-01-01T00:00:00Z,2016-04-12T00:00:00Z,http://www.wikidata.org/entity/Q1548886,
T'way Airlines,,airline,TW,TWB,South Korea,http://www.twayair.com/,2004-01-01T00:00:00Z,,http://www.wikidata.org/entity/Q494775,
TAAG Angola Airlines,,airline,DT,DTA,Angola,http://www.taag.com/,1938-09-01T00:00:00Z,,http://www.wikidata.org/entity/Q1050518,
TAESA Lineas Aéreas,,airline,GD,TEJ,Mexico,http://www.taesa.com.mx,1988-01-01T00:00:00Z,2000-01-01T00:00:00Z,http://www.wikidata.org/entity/Q5665870,
TAF Linhas Aéreas,,airline,R9,TSD,Brazil,http://www.voetaf.com.br/,1971-01-01T00:00:00Z,2009-01-01T00:00:00Z,http://www.wikidata.org/entity/Q1507414,
TAME,,airline,EQ,TAE,Ecuador,https://www.tame.com.ec,1962-12-17T00:00:00Z,2020-05-19T00:00:00Z,http://www.wikidata.org/entity/Q1530726,
TAP Air Portugal,,airline,TP,TAP,Portugal,https://www.flytap.com/,1945-03-14T00:00:00Z,,http://www.wikidata.org/entity/Q208232,
TAP Air Portugal,,airline,TP,TAP,Portugal,https://www.flytap.com/,1946-01-01T00:00:00Z,,http://www.wikidata.org/entity/Q208232,
TAR México,,airline,YQ,LCT,Mexico,http://tarmexico.com/,2012-01-01T00:00:00Z,,http://www.wikidata.org/entity/Q16512099,
TRIP Linhas Aéreas,,airline,T4,TIB,Brazil,http://www.voetrip.com.br,1998-01-01T00:00:00Z,2014-01-01T00:00:00Z,http://www.wikidata.org/entity/Q1371222,
TUI Airways,,airline,BY,TOM,United Kingdom,https://www.tui.co.uk,2008-01-01T00:00:00Z,,http://www.wikidata.org/entity/Q1156859,
TUI Airways,,charter airline,BY,TOM,United Kingdom,https://www.tui.co.uk,2008-01-01T00:00:00Z,,http://www.wikidata.org/entity/Q1156859,
TUI fly Belgium,,airline,TB,JAF,Belgium,https://www.tuifly.be,2004-01-01T00:00:00Z,,http://www.wikidata.org/entity/Q526550,
TUI fly Belgium,,airline,TB,JAF,Belgium,https://www.tuifly.fr,2004-01-01T00:00:00Z,,http://www.wikidata.org/entity/Q526550,
TUI fly Deutschland,,airline,X3,TUI,Germany,https://www.tuifly.com,1972-01-01T00:00:00Z,,http://www.wikidata.org/entity/Q508417,
TUI fly Deutschland,,charter airline,X3,TUI,Germany,https://www.tuifly.com,1972-01-01T00:00:00Z,,http://www.wikidata.org/entity/Q508417,
TUI fly Netherlands,,airline,OR,TFL,Netherlands,http://www.tui.nl,2005-01-01T00:00:00Z,,http://www.wikidata.org/entity/Q520869,
TUIfly Nordic,,airline,6B,BLX,Sweden,http://www.tuiflynordic.se/,2006-01-01T00:00:00Z,,http://www.wikidata.org/entity/Q1147955,
TUIfly Nordic,,airline,6B,BLX,Denmark,http://www.tuiflynordic.se/,2006-01-01T00:00:00Z,,http://www.wikidata.org/entity/Q1147955,
Tahoe Air,,airline,XP,CXP,United States,http://www.raspberrymedia.com/clients/tahoe-air/diamond-club/index.html,1999-01-01T00:00:00Z,1999-10-01T00:00:00Z,http://www.wikidata.org/entity/Q7675608,
Tailwind Air Service,,airline,TQ,PGN,United States,http://www.flytailwind.com/,2014-01-01T00:00:00Z,,http://www.wikidata.org/entity/Q16985280,
Tailwind Airlines,,airline,TI,TWI,Turkey,http://www.tailwind.com.tr/,2008-01-01T00:00:00Z,,http://www.wikidata.org/entity/Q660062,
Taimyr Air Company,,airline,Y7,TYA,Russia,http://www.nordstar.su/,2009-01-01T00:00:00Z,,http://www.wikidata.org/entity/Q152425,
Tajik Air,,airline,7J,TJK,Tajikistan,http://www.tajikair.tj/,1924-09-03T00:00:00Z,,http://www.wikidata.org/entity/Q528978,
Tandem Aero,,airline,TQ,TDM,Moldova,http://www.tandemaero.md/,1998-01-01T00:00:00Z,,http://www.wikidata.org/entity/Q185579,
Taquan Air,,airline,K3,TQN,United States,http://www.taquanair.com,1977-01-01T00:00:00Z,,http://www.wikidata.org/entity/Q4050737,
Tarco Aviation,,airline,3T,TQQ,Sudan,http://tarcoair.co/,2009-01-01T00:00:00Z,,http://www.wikidata.org/entity/Q7685690,
Taron Avia,,airline,H7,TRV,Armenia,http://taron-avia.am/en,2007-01-01T00:00:00Z,,http://www.wikidata.org/entity/Q21036305,
Tasair,,airline,TA,,Australia,http://www.tasair.com.au/,1965-01-01T00:00:00Z,2012-01-01T00:00:00Z,http://www.wikidata.org/entity/Q862227,
Tasman Cargo Airlines,,airline,HJ,TMN,Australia,http://www.tasmancargo.com/,1995-01-01T00:00:00Z,,http://www.wikidata.org/entity/Q11277663,
Tatarstan Airlines,,airline,U9,TAK,Russia,http://www.tatarstan.aero/en,1993-01-01T00:00:00Z,2014-01-01T00:00:00Z,http://www.wikidata.org/entity/Q1785216,
Tavrey Airlines,,airline,T6,TVR,Ukraine,http://www.tavrey.com/,1995-01-01T00:00:00Z,2008-01-01T00:00:00Z,http://www.wikidata.org/entity/Q1850610,
Tayaranjet,,airline,E8,TJB,Bulgaria,https://www.tayaranjet.com/,,2021-11-26T00:00:00Z,http://www.wikidata.org/entity/Q108113024,
Ten Airways,,airline,X5,OTJ,Romania,http://www.tenairways.com/,2009-01-01T00:00:00Z,,http://www.wikidata.org/entity/Q15966665,
Texas Sky,,airline,P1,,,http://texassky.com/,2009-01-01T00:00:00Z,,http://www.wikidata.org/entity/Q19574842,
Thai AirAsia,,airline,FD,AIQ,Thailand,http://www.airasia.com,2003-12-08T00:00:00Z,,http://www.wikidata.org/entity/Q1148568,
Thai AirAsia X,,airline,XJ,TAX,Thailand,http://www.airasia.com/,2014-01-01T00:00:00Z,,http://www.wikidata.org/entity/Q16308074,
Thai Airways,,airline,TG,THA,Thailand,http://www.thaiairways.com,1960-01-01T00:00:00Z,,http://www.wikidata.org/entity/Q188710,
Thai Lion Air,,airline,SL,TLM,Thailand,http://www.lionairthai.com/,2013-01-01T00:00:00Z,,http://www.wikidata.org/entity/Q15043926,
Thai Regional Airlines,,airline,RW,TRB,Thailand,http://www.thairegionalairlines.com/,2011-01-01T00:00:00Z,2012-01-01T00:00:00Z,http://www.wikidata.org/entity/Q7709150,
Thai Sky Airlines,,airline,9I,TKY,Thailand,http://www.thaiskyairlines.com,2004-01-01T00:00:00Z,2006-01-01T00:00:00Z,http://www.wikidata.org/entity/Q647174,
Thai Smile,,airline,WE,THD,Thailand,https://www.thaismileair.com/,2011-01-01T00:00:00Z,,http://www.wikidata.org/entity/Q1189248,
Thai Vietjet Air,,airline,VZ,TVJ,Thailand,https://www.vietjetair.com,2014-01-01T00:00:00Z,,http://www.wikidata.org/entity/Q23899316,
Thomas Cook Airlines,,airline,MT,TCX,United Kingdom,http://flythomascook.com,1999-01-01T00:00:00Z,2019-09-23T00:00:00Z,http://www.wikidata.org/entity/Q852650,
Thomas Cook Airlines,,airline,MT,TCX,United Kingdom,http://www.thomascookairlines.com,1999-01-01T00:00:00Z,2019-09-23T00:00:00Z,http://www.wikidata.org/entity/Q852650,
Thomas Cook Airlines Belgium,,airline,HQ,TCW,Belgium,http://www.thomascookairlines.be/,2001-01-01T00:00:00Z,,http://www.wikidata.org/entity/Q945386,
Thomsonfly,,airline,BY,TOM,United Kingdom,http://flights.thomson.co.uk,1962-01-01T00:00:00Z,2008-01-01T00:00:00Z,http://www.wikidata.org/entity/Q933557,
Tianjin Airlines,,airline,GS,GCR,People's Republic of China,https://www.tianjin-air.com,2004-01-01T00:00:00Z,,http://www.wikidata.org/entity/Q1436155,
Tiara Air,,airline,3P,TNM,Aruba,http://www.tiara-air.com/,2006-01-01T00:00:00Z,2016-11-28T00:00:00Z,http://www.wikidata.org/entity/Q2665713,
Tibet Airlines,,airline,TV,TBA,People's Republic of China,http://www.tibetairlines.com.cn,2010-01-01T00:00:00Z,,http://www.wikidata.org/entity/Q1090978,
Tiger Airways,,organization,TR,TGW,Singapore,http://www.tigerair.com/,2003-12-12T00:00:00Z,2017-07-25T00:00:00Z,http://www.wikidata.org/entity/Q483281,
Tiger Airways,,airline,TR,TGW,Singapore,http://www.tigerair.com/,2003-12-12T00:00:00Z,2017-07-25T00:00:00Z,http://www.wikidata.org/entity/Q483281,
Tiger Airways Australia,,airline,TT,TGG,Australia,https://tigerair.com.au/,2007-01-01T00:00:00Z,2020-01-01T00:00:00Z,http://www.wikidata.org/entity/Q1319318,
Tikal Jets Airlines,,airline,WU,TKC,Guatemala,http://www.tikaljets.com,1992-01-01T00:00:00Z,2006-01-01T00:00:00Z,http://www.wikidata.org/entity/Q7801875,
Timor Air,,airline,BF,ETA,Timor-Leste,http://flytimorair.com/,2011-01-01T00:00:00Z,2012-01-01T00:00:00Z,http://www.wikidata.org/entity/Q986457,
Titan Airways,,airline,ZT,AWC,United Kingdom,http://www.titan-airways.com/,1988-01-01T00:00:00Z,,http://www.wikidata.org/entity/Q153733,
Tobago Express,,airline,BW,TBX,Trinidad and Tobago,http://www.caribbean-airlines.com,2001-01-01T00:00:00Z,,http://www.wikidata.org/entity/Q2437632,
Toki Air,,airline,BV,TOK,Japan,https://tokiair.com/,2020-07-29T00:00:00Z,,http://www.wikidata.org/entity/Q105481325,
Toki Air,,business,BV,TOK,Japan,https://tokiair.com/,2020-07-29T00:00:00Z,,http://www.wikidata.org/entity/Q105481325,
TonleSap Airlines,,airline,K9,TSP,Cambodia,http://www.tonlesapairlines.com:80/,2010-01-01T00:00:00Z,2013-01-01T00:00:00Z,http://www.wikidata.org/entity/Q1319113,
Tor Air,,airline,OD,OAI,Sweden,http://www.torair.com/,2008-01-01T00:00:00Z,2011-12-20T00:00:00Z,http://www.wikidata.org/entity/Q532077,
Tower Air,,airline,FF,TOW,United States,http://www.towerair.com/,1982-01-01T00:00:00Z,2000-01-01T00:00:00Z,http://www.wikidata.org/entity/Q937509,
Trade Air,,airline,C3,TDR,Croatia,http://www.trade-air.com/,1994-01-01T00:00:00Z,,http://www.wikidata.org/entity/Q1527139,
Tradewind Aviation,,airline,TJ,GPD,United States,https://www.flytradewind.com/,2001-01-01T00:00:00Z,,http://www.wikidata.org/entity/Q16957869,
TranStar Airlines,,airline,MC,TST,United States,http://www.museair.com,1981-01-01T00:00:00Z,1987-01-01T00:00:00Z,http://www.wikidata.org/entity/Q7833276,
Trans Maldivian Airways,,airline,M8,TMW,Maldives,http://www.transmaldivian.com/,1989-01-01T00:00:00Z,,http://www.wikidata.org/entity/Q927640,
Trans States Airlines,,airline,AX,LOF,United States,http://www.transstates.net/,1985-01-01T00:00:00Z,2020-04-01T00:00:00Z,http://www.wikidata.org/entity/Q1239204,
Trans World Airlines,,airline,TW,TWA,United States,http://www.twa.com,1926-01-01T00:00:00Z,2001-01-01T00:00:00Z,http://www.wikidata.org/entity/Q527341,
TransAVIAexport Airlines,,airline,AL,TXC,Belarus,https://transaviaexport.com/,1992-01-01T00:00:00Z,,http://www.wikidata.org/entity/Q2370490,
TransAsia Airways,,airline,GE,TNA,Taiwan,http://www.tna.com.tw,1951-05-21T00:00:00Z,2016-11-22T00:00:00Z,http://www.wikidata.org/entity/Q383707,
TransNusa Air Services,,airline,M8,TNU,Indonesia,http://www.transnusa.co.id/eng/index.html,2005-01-01T00:00:00Z,,http://www.wikidata.org/entity/Q3537331,
Transaero Airlines,,airline,UN,TSO,Russia,http://www.transaero.ru,1991-01-01T00:00:00Z,2015-10-25T00:00:00Z,http://www.wikidata.org/entity/Q509920,
Transafrik International,,airline,PQ,TFK,,http://www.transafrik.com,1984-01-01T00:00:00Z,,http://www.wikidata.org/entity/Q2724044,
Transavia,,airline,HV,TRA,Netherlands,http://www.transavia.com,1965-01-01T00:00:00Z,,http://www.wikidata.org/entity/Q246952,
Transavia France,,airline,TO,TVF,France,http://www.transavia.com/,2007-01-01T00:00:00Z,,http://www.wikidata.org/entity/Q1188990,
Transaviabaltika,,airline,KT,KTB,Lithuania,https://transaviabaltika.lt/,1998-01-01T00:00:00Z,,http://www.wikidata.org/entity/Q43082378,
Transcarga,,airline,T9,TIW,Venezuela,http://www.transcarga.aero/,1998-01-01T00:00:00Z,,http://www.wikidata.org/entity/Q5557848,
Transeast Airlines,,airline,T4,TRL,Latvia,http://www.junik.lv/~tea/,1993-01-01T00:00:00Z,2001-01-01T00:00:00Z,http://www.wikidata.org/entity/Q7833969,
Transportes Aéreos Bolivianos,,airline,2L,BOL,Bolivia,http://www.tabairlines.com,1977-01-01T00:00:00Z,,http://www.wikidata.org/entity/Q3537881,
Transwede Airways,,airline,5T,TWE,Sweden,http://www.transwede.com/,2005-01-01T00:00:00Z,2010-03-31T00:00:00Z,http://www.wikidata.org/entity/Q14912357,
Transwest Air,,airline,9T,ABS,Canada,http://www.transwestair.com/,2000-01-01T00:00:00Z,,http://www.wikidata.org/entity/Q4051714,
Travel Air,,airline,4F,,Papua New Guinea,http://www.travelairpng.com,2006-01-01T00:00:00Z,2016-01-01T00:00:00Z,http://www.wikidata.org/entity/Q25352341,
Travira Air,,airline,TR,TVV,Indonesia,http://www.travira-air.com,,,http://www.wikidata.org/entity/Q3246680,
Trigana Air Service,,airline,IL,TGN,Indonesia,http://www.trigana-air.com,1991-01-01T00:00:00Z,,http://www.wikidata.org/entity/Q2247269,
Tristar Air,,airline,YS,TSY,Egypt,http://www.tristarair.com/,1998-01-01T00:00:00Z,2015-01-01T00:00:00Z,http://www.wikidata.org/entity/Q1138803,
TruJet,,airline,2T,TRJ,India,http://www.trujet.com/,2013-01-01T00:00:00Z,2022-02-15T00:00:00Z,http://www.wikidata.org/entity/Q18355101,
Tunisair,,airline,TU,TAR,Tunisia,http://www.tunisair.com/,1948-01-01T00:00:00Z,,http://www.wikidata.org/entity/Q692811,
Tunisair Express,,airline,UG,TUX,Tunisia,https://www.tunisairexpress.net/,1991-01-01T00:00:00Z,,http://www.wikidata.org/entity/Q543645,
Turan Air,,airline,3T,URN,Azerbaijan,http://www.turan-air.com/,1994-01-01T00:00:00Z,2013-01-01T00:00:00Z,http://www.wikidata.org/entity/Q219002,
Turkish Airlines,,airline,TK,THY,Turkey,https://www.turkishairlines.com/,1933-05-20T00:00:00Z,,http://www.wikidata.org/entity/Q4548,x
Turkish Airlines,,public company,TK,THY,Turkey,https://www.turkishairlines.com/,1933-05-20T00:00:00Z,,http://www.wikidata.org/entity/Q4548,
Turkmenistan Airlines,,airline,T5,TUA,Turkmenistan,https://turkmenistanairlines.tm/,1992-01-01T00:00:00Z,,http://www.wikidata.org/entity/Q796158,
Turpial Airlines,,airline,TU,VTU,Venezuela,https://www.turpialairlines.com/,2016-01-01T00:00:00Z,,http://www.wikidata.org/entity/Q29389430,
Turpial Airlines,,company,TU,VTU,Venezuela,https://www.turpialairlines.com/,2016-01-01T00:00:00Z,,http://www.wikidata.org/entity/Q29389430,
Tus Airways,,airline,U8,CYF,Cyprus,http://tusairways.com/,2015-01-01T00:00:00Z,,http://www.wikidata.org/entity/Q20639413,
Twin Jet,,airline,T7,TJT,France,http://www.twinjet.fr,2001-05-01T00:00:00Z,,http://www.wikidata.org/entity/Q916101,
Tyrolean Airways,,airline,VO,TYR,Austria,http://www.tyrolean.at,1978-01-01T00:00:00Z,2015-01-01T00:00:00Z,http://www.wikidata.org/entity/Q660191,
U Airlines,,airline,YL,ULG,Thailand,http://www.u-airlines.com,2012-01-01T00:00:00Z,2014-01-01T00:00:00Z,http://www.wikidata.org/entity/Q889607,
UK International Airlines,,airline,IH,UKI,United Kingdom,http://www.ukinternationalairlines.com/,2005-01-01T00:00:00Z,2007-01-01T00:00:00Z,http://www.wikidata.org/entity/Q7864891,
ULS Airlines Cargo,,airline,GO,KZU,Turkey,https://www.ulsairlines.com/,2004-01-01T00:00:00Z,,http://www.wikidata.org/entity/Q2348609,
UM Airlines,,airline,UF,UKM,Ukraine,http://www.umair.com.ua/,1998-01-01T00:00:00Z,2018-01-01T00:00:00Z,http://www.wikidata.org/entity/Q515607,
UPS Airlines,,cargo airline,5X,UPS,United States,https://www.ups.com/aircargo/,1988-01-01T00:00:00Z,,http://www.wikidata.org/entity/Q1318737,
UR Airlines,,airline,UD,UBD,Iraq,https://urairlines.com/,,,http://www.wikidata.org/entity/Q108123253,
US Airways,,airline,US,AAL,United States,http://www.usairways.com,1937-01-01T00:00:00Z,2015-01-01T00:00:00Z,http://www.wikidata.org/entity/Q208046,x
US-Bangla Airlines,,airline,BS,UBG,Bangladesh,https://us-bangla.com/,2013-01-01T00:00:00Z,,http://www.wikidata.org/entity/Q17071713,
US-Bangla Airlines,,airline,BS,UBG,Bangladesh,https://www.usbair.com/,2013-01-01T00:00:00Z,,http://www.wikidata.org/entity/Q17071713,
USA Jet Airlines,,airline,UJ,JUS,United States,https://usajet.aero/,1994-01-01T00:00:00Z,,http://www.wikidata.org/entity/Q7865818,
USA3000 Airlines,,airline,U5,GWY,United States,http://www.USA3000.com/,2001-01-01T00:00:00Z,2012-01-30T00:00:00Z,http://www.wikidata.org/entity/Q2000608,
UTair Aviation,,airline,UT,UTA,Russia,http://www.utair.ru,1991-01-01T00:00:00Z,,http://www.wikidata.org/entity/Q1065835,
UTair Aviation,,public joint-stock company,UT,UTA,Russia,http://www.utair.ru,1991-01-01T00:00:00Z,,http://www.wikidata.org/entity/Q1065835,
UTair Express,,airline,UR,UTX,Russia,http://www.utair-express.com/,2006-01-01T00:00:00Z,2015-06-01T00:00:00Z,http://www.wikidata.org/entity/Q2328444,
UVT Aero,,airline,RT,BUG,Russia,https://uvtaero.ru/,2015-01-01T00:00:00Z,,http://www.wikidata.org/entity/Q21482041,
Uganda Airlines,,airline,QU,UGA,Uganda,http://www.swiftuganda.com/~uac/quhom.htm,1976-01-01T00:00:00Z,2001-05-01T00:00:00Z,http://www.wikidata.org/entity/Q486865,
Ukraine International Airlines,,airline,UU,AUI,Ukraine,https://www.flyuia.com/ua/ua,1992-01-01T00:00:00Z,2022-02-24T00:00:00Z,http://www.wikidata.org/entity/Q836560,
Ukrainian Cargo Airways,,airline,6Z,UKS,Ukraine,http://www.avia-uca.com.ua/,1997-01-01T00:00:00Z,2009-01-01T00:00:00Z,http://www.wikidata.org/entity/Q2704589,
Ulendo Airlink,,airline,W4,,Malawi,http://www.flyulendo.com,2011-01-01T00:00:00Z,,http://www.wikidata.org/entity/Q2474682,
Ulendo Airlink,,airline,7Q,,Malawi,http://www.flyulendo.com,2011-01-01T00:00:00Z,,http://www.wikidata.org/entity/Q2474682,
Ultimate Air Shuttle,,airline,UE,UJC,United States,http://www.ultimateairshuttle.com,2009-01-01T00:00:00Z,,http://www.wikidata.org/entity/Q7880119,
Uni Air,,airline,B7,UIA,Taiwan,https://www.uniair.com.tw/,1988-08-06T00:00:00Z,,http://www.wikidata.org/entity/Q701761,
Uni-Top Airlines,,airline,UW,UTP,People's Republic of China,http://www.unitop-air.com/,2009-01-01T00:00:00Z,2019-11-20T00:00:00Z,http://www.wikidata.org/entity/Q7884618,
United Airlines,,airline,UA,UAL,United States,https://www.united.com,1926-04-06T00:00:00Z,,http://www.wikidata.org/entity/Q174769,x
United Airlines,,holding company,UA,UAL,United States,https://www.united.com,1926-04-06T00:00:00Z,,http://www.wikidata.org/entity/Q174769,
United Airlines,,public company,UA,UAL,United States,https://www.united.com,1926-04-06T00:00:00Z,,http://www.wikidata.org/entity/Q174769,
United Airways,,airline,4H,UBD,Bangladesh,http://www.uabdl.com,2007-01-01T00:00:00Z,,http://www.wikidata.org/entity/Q1189685,
Universal Airlines,,airline,UW,,,http://www.universal-airlines.com/,2001-01-01T00:00:00Z,2005-01-01T00:00:00Z,http://www.wikidata.org/entity/Q3551270,
Ural Airlines,,airline,U6,SVR,Russia,http://www.uralairlines.ru,1993-01-01T00:00:00Z,,http://www.wikidata.org/entity/Q581161,
Ural Airlines,,business,U6,SVR,Russia,http://www.uralairlines.ru,1993-01-01T00:00:00Z,,http://www.wikidata.org/entity/Q581161,
Urumqi Air,,airline,UQ,CUH,People's Republic of China,http://www.urumqi-air.com/,2014-01-01T00:00:00Z,,http://www.wikidata.org/entity/Q18028989,
Uzbekistan Airways,,airline,HY,UZB,Uzbekistan,http://www.uzairways.com,1992-01-01T00:00:00Z,,http://www.wikidata.org/entity/Q610003,
Uzbekistan Airways,,unlisted public company,HY,UZB,Uzbekistan,http://www.uzairways.com,1992-01-01T00:00:00Z,,http://www.wikidata.org/entity/Q610003,
V Air,,airline,ZV,VAX,Taiwan,https://www.flyvair.com/en/,2014-01-01T00:00:00Z,,http://www.wikidata.org/entity/Q15642610,
V Australia,,airline,VA,VAU,Australia,http://www.vaustralia.com.au,2007-01-01T00:00:00Z,2011-12-07T00:00:00Z,http://www.wikidata.org/entity/Q4007110,
VG Airlines,,airline,IV,FVG,Belgium,http://vgair.be/,2002-01-01T00:00:00Z,2002-01-01T00:00:00Z,http://www.wikidata.org/entity/Q2179637,
VI Airlink,,airline,V6,VIL,United Kingdom,http://www.viairlink.com/,,,http://www.wikidata.org/entity/Q7907103,
VIM Airlines,,airline,NN,MOV,Russia,http://www.vim-avia.com,2000-01-01T00:00:00Z,2017-01-01T00:00:00Z,http://www.wikidata.org/entity/Q1326062,
VIP Ecuador,,airline,V6,VUR,Ecuador,http://www.vip.ec,1997-01-01T00:00:00Z,2012-01-01T00:00:00Z,http://www.wikidata.org/entity/Q15733388,
VLM Airlines,,airline,VG,VLM,Belgium,http://www.flyvlm.com,1992-01-01T00:00:00Z,2016-06-22T00:00:00Z,http://www.wikidata.org/entity/Q606190,
VLM Airlines,,airline,VG,VLM,United Kingdom,http://www.flyvlm.com,1992-01-01T00:00:00Z,2016-06-22T00:00:00Z,http://www.wikidata.org/entity/Q606190,
VLM Airlines,,airline,VG,VLM,Belgium,http://www.flyvlm.com,1992-01-01T00:00:00Z,2018-08-31T00:00:00Z,http://www.wikidata.org/entity/Q606190,
VLM Airlines,,airline,VG,VLM,United Kingdom,http://www.flyvlm.com,1992-01-01T00:00:00Z,2018-08-31T00:00:00Z,http://www.wikidata.org/entity/Q606190,
ValuJet Airlines,,airline,J7,VJA,Georgia,http://www.valujet.com/,1993-01-01T00:00:00Z,1997-11-01T00:00:00Z,http://www.wikidata.org/entity/Q1878146,
Valuair,,airline,VF,VLU,Singapore,http://www.valuair.com.sg/,2004-05-05T00:00:00Z,2005-07-24T00:00:00Z,http://www.wikidata.org/entity/Q1340376,
ValueJet,,airline,VK,FVJ,Nigeria,https://flyvaluejet.com/,2018-01-01T00:00:00Z,,http://www.wikidata.org/entity/Q116413236,
Van Air Europe,,airline,V9,VAA,Czech Republic,http://www.vanair.org/,2004-01-01T00:00:00Z,,http://www.wikidata.org/entity/Q7913105,
Vanair,,airline,X4,,Vanuatu,http://www.vanair.vu/,1965-01-01T00:00:00Z,2004-09-01T00:00:00Z,http://www.wikidata.org/entity/Q3554449,
Vanilla Air,,airline,JW,VNL,Japan,http://www.vanilla-air.com,2013-01-01T00:00:00Z,,http://www.wikidata.org/entity/Q15149613,
Varig,,airline,RG,VRG,Brazil,https://www.varig-airlines.com/,1927-05-07T00:00:00Z,2006-01-01T00:00:00Z,http://www.wikidata.org/entity/Q861197,
Veca Airlines,,airline,VU,VAR,El Salvador,http://www.vecaairlines.com,2013-01-01T00:00:00Z,2017-01-18T00:00:00Z,http://www.wikidata.org/entity/Q17632435,
Velvet Sky,,airline,VZ,VEL,South Africa,http://www.flyvelvetsky.com/,2011-01-01T00:00:00Z,2012-01-01T00:00:00Z,http://www.wikidata.org/entity/Q333697,
Venezolana,,airline,VN,VNE,Venezuela,http://www.ravsa.com.ve/,2001-01-01T00:00:00Z,,http://www.wikidata.org/entity/Q1531524,
Vensecar Internacional,,airline,V4,VEC,Venezuela,http://www.vensecar.com/,1996-01-01T00:00:00Z,2025-06-11T00:00:00Z,http://www.wikidata.org/entity/Q180221,
ViaAir,,airline,VC,SRY,United States,https://www.flyviaair.com/,1997-01-01T00:00:00Z,2019-10-08T00:00:00Z,http://www.wikidata.org/entity/Q19574843,
Viaggio Air,,airline,VM,VOA,Bulgaria,http://www.viaggioair.com/,2002-01-01T00:00:00Z,2007-01-01T00:00:00Z,http://www.wikidata.org/entity/Q960869,
Vieques Air Link,,airline,V4,VES,United States,http://viequesairlink.com,1965-01-01T00:00:00Z,,http://www.wikidata.org/entity/Q7928390,
VietJet Air,,airline,VJ,VJC,Vietnam,http://www.vietjetair.com/,2012-01-01T00:00:00Z,,http://www.wikidata.org/entity/Q853878,
Vietnam Air Services Company,,airline,0V,VFC,Vietnam,http://vasco.com.vn,1987-01-01T00:00:00Z,,http://www.wikidata.org/entity/Q1370655,
Vietnam Airlines,,airline,VN,HVN,Vietnam,http://www.vietnamairlines.com/,1956-01-01T00:00:00Z,,http://www.wikidata.org/entity/Q174386,
Vildanden,,airline,2Q,,Norway,http://www.vildanden.no/,2004-01-01T00:00:00Z,2011-01-16T00:00:00Z,http://www.wikidata.org/entity/Q1119983,
Vintage Props and Jets,,airline,VQ,VPP,United States,http://www.vpj.com,1991-01-01T00:00:00Z,,http://www.wikidata.org/entity/Q7932837,
Virgin America,,airline,VX,VRD,United States,http://www.virginamerica.com,2004-01-01T00:00:00Z,2018-04-24T00:00:00Z,http://www.wikidata.org/entity/Q645084,
Virgin Atlantic,,airline,VS,VIR,United Kingdom,https://www.virginatlantic.com/,1984-01-01T00:00:00Z,,http://www.wikidata.org/entity/Q32277,
Virgin Atlantic,,business,VS,VIR,United Kingdom,https://www.virginatlantic.com/,1984-01-01T00:00:00Z,,http://www.wikidata.org/entity/Q32277,
Virgin Atlantic Little Red,,airline,VS,VIR,United Kingdom,http://www.virgin-atlantic.com,2013-01-01T00:00:00Z,2015-09-26T00:00:00Z,http://www.wikidata.org/entity/Q22080715,
Virgin Australia,,airline,VA,VOZ,Australia,http://www.virginaustralia.com/,2000-01-01T00:00:00Z,,http://www.wikidata.org/entity/Q727074,
Virgin Australia Regional Airlines,,airline,VA,VOZ,Australia,http://www.virginaustralia.com/au/en/skywest/,1963-01-01T00:00:00Z,,http://www.wikidata.org/entity/Q608421,
Virgin Australia Regional Airlines,,public company,VA,VOZ,Australia,http://www.virginaustralia.com/au/en/skywest/,1963-01-01T00:00:00Z,,http://www.wikidata.org/entity/Q608421,
Virgin Express,,airline,TV,VEX,Belgium,http://www.virginexpress.com/,1996-01-01T00:00:00Z,2006-01-01T00:00:00Z,http://www.wikidata.org/entity/Q1191086,
Virgin Samoa,,airline,VA,VOZ,Samoa,http://www.virginsamoa.com/,2005-01-01T00:00:00Z,2017-01-01T00:00:00Z,http://www.wikidata.org/entity/Q1319019,
Vision Airlines,,airline,V2,RBY,United States,http://www.visionairlines.com/,1994-01-01T00:00:00Z,2012-04-26T00:00:00Z,http://www.wikidata.org/entity/Q1189014,
Vistara,,airline,UK,VTI,India,http://www.airvistara.com,2013-01-01T00:00:00Z,,http://www.wikidata.org/entity/Q17502128,
Viva,,airline,VB,VIV,Mexico,http://www.vivaaerobus.com/,2006-01-01T00:00:00Z,,http://www.wikidata.org/entity/Q795990,
Viva Air Colombia,,airline,VH,VVC,Colombia,https://www.vivaair.com/co,2008-01-01T00:00:00Z,,http://www.wikidata.org/entity/Q7937432,
Viva Air Colombia,,airline,VH,VVC,Colombia,https://www.vivaair.com/co/,2008-01-01T00:00:00Z,,http://www.wikidata.org/entity/Q7937432,
Viva Air Dominicana,,airline,6E,,Dominican Republic,http://flyviva.com:80/index.html,2005-01-01T00:00:00Z,2009-01-01T00:00:00Z,http://www.wikidata.org/entity/Q7937444,
Viva Macau,,airline,ZG,VVM,People's Republic of China,http://www.flyvivamacau.com/,2005-01-01T00:00:00Z,2010-03-28T00:00:00Z,http://www.wikidata.org/entity/Q1199737,
Vladivostok Air,,airline,XF,VLK,Russia,http://www.vladivostokavia.ru/,1993-08-09T00:00:00Z,2014-01-01T00:00:00Z,http://www.wikidata.org/entity/Q1068446,
Voepass Linhas Aéreas,,airline,2Z,PTB,Brazil,https://www.voepass.com.br/,1995-01-01T00:00:00Z,2025-06-24T00:00:00Z,http://www.wikidata.org/entity/Q1814331,
Volare Airlines,,airline,VE,VLE,Italy,http://web.archive.org/web/*/buy.volareweb.com/es/index.html,1997-01-01T00:00:00Z,2015-01-01T00:00:00Z,http://www.wikidata.org/entity/Q121771,
Volaris,,airline,Y4,VOI,Mexico,http://www.volaris.com,2005-01-01T00:00:00Z,,http://www.wikidata.org/entity/Q431757,x
Volga-Dnepr Airlines,,airline,VI,VDA,Russia,http://www.volga-dnepr.com,1990-01-01T00:00:00Z,,http://www.wikidata.org/entity/Q765297,
Volotea,,airline,V7,VOE,Spain,https://www.volotea.com,2011-01-01T00:00:00Z,,http://www.wikidata.org/entity/Q2296193,
Voyageur Airways,,regional airline,VC,VAL,Canada,https://airways.voyav.com/,1968-01-01T00:00:00Z,,http://www.wikidata.org/entity/Q4052803,
Vueling,,organization,VY,VLG,Spain,https://www.vueling.com,2004-01-01T00:00:00Z,,http://www.wikidata.org/entity/Q646741,
Vueling,,airline,VY,VLG,Spain,https://www.vueling.com,2004-01-01T00:00:00Z,,http://www.wikidata.org/entity/Q646741,
Vueling,,public company,VY,VLG,Spain,https://www.vueling.com,2004-01-01T00:00:00Z,,http://www.wikidata.org/entity/Q646741,
WDL Aviation,,airline,WH,WDL,Germany,https://germanairways.com,1974-01-01T00:00:00Z,,http://www.wikidata.org/entity/Q326858,
WOW air,,airline,WW,WOW,Iceland,http://www.wowair.com/,2012-01-01T00:00:00Z,2019-03-28T00:00:00Z,http://www.wikidata.org/entity/Q1156931,
Wamos Air,,airline,EB,PLM,Spain,http://www.wamosair.com/en,2003-01-01T00:00:00Z,,http://www.wikidata.org/entity/Q1199911,
Wan Air,,airline,WB,VNR,France,http://www.wanair.pf/,1987-01-01T00:00:00Z,,http://www.wikidata.org/entity/Q3468759,
Warbelow's Air Ventures,,airline,4W,WAV,United States,https://www.warbelows.com/,1982-01-01T00:00:00Z,,http://www.wikidata.org/entity/Q4052943,
Wasaya Airways,,regional airline,WT,WSG,Canada,http://www.wasaya.com/,1969-01-01T00:00:00Z,,http://www.wikidata.org/entity/Q2550235,
Wat Phnom Airlines,,airline,WD,,Cambodia,http://www.watphnomairlines.com/,2013-01-01T00:00:00Z,2014-01-01T00:00:00Z,http://www.wikidata.org/entity/Q15043635,
Wataniya Airways,,airline,KW,WAN,Kuwait,http://www.wataniyaairways.com/,2005-01-01T00:00:00Z,,http://www.wikidata.org/entity/Q1060465,
WebJet Linhas Aéreas,,airline,WH,WEB,Brazil,http://www.webjet.com.br/,2005-01-01T00:00:00Z,2012-01-01T00:00:00Z,http://www.wikidata.org/entity/Q428096,
Welcome Air,,airline,2W,WLC,Austria,http://www.welcomeair.com/,2000-01-01T00:00:00Z,2017-12-27T00:00:00Z,http://www.wikidata.org/entity/Q240348,
West Air,,airline,PN,CHB,People's Republic of China,http://www.chinawestair.com,2006-01-01T00:00:00Z,,http://www.wikidata.org/entity/Q1073544,
West Atlantic,,airline,PT,SWN,Sweden,http://www.westatlantic.eu,2008-01-01T00:00:00Z,,http://www.wikidata.org/entity/Q6333727,
West Atlantic,,logistics company,PT,SWN,Sweden,http://www.westatlantic.eu,2008-01-01T00:00:00Z,,http://www.wikidata.org/entity/Q6333727,
West Atlantic Sweden,,airline,PT,SWN,Sweden,http://www.westair.se/,1992-01-01T00:00:00Z,,http://www.wikidata.org/entity/Q605968,
West Coast Air,,airline,8O,YWZ,Canada,http://www.harbourair.com/,1996-01-01T00:00:00Z,2015-01-01T00:00:00Z,http://www.wikidata.org/entity/Q1126419,
West Wing Aviation,,airline,WW,,Australia,http://www.westwing.com.au/,2000-01-01T00:00:00Z,,http://www.wikidata.org/entity/Q22032189,
WestJet,,airline,WS,WJA,Canada,https://www.westjet.com/en-ca,1994-06-27T00:00:00Z,,http://www.wikidata.org/entity/Q1059770,x
WestJet,,privately held company,WS,WJA,Canada,https://www.westjet.com/en-ca,1994-06-27T00:00:00Z,,http://www.wikidata.org/entity/Q1059770,
WestJet,,airline,WS,WJA,Canada,https://www.westjet.com/fr-ca,1994-06-27T00:00:00Z,,http://www.wikidata.org/entity/Q1059770,
WestJet,,privately held company,WS,WJA,Canada,https://www.westjet.com/fr-ca,1994-06-27T00:00:00Z,,http://www.wikidata.org/entity/Q1059770,
WestJet Encore,,regional airline,WR,WEN,Canada,http://www.westjet.com/encore,2012-01-01T00:00:00Z,,http://www.wikidata.org/entity/Q12072764,
Westair Aviation,,airline,WV,WAA,Namibia,https://westair.com.na,1967-01-01T00:00:00Z,,http://www.wikidata.org/entity/Q2564436,
Westair Benin,,airline,WH,WSF,Benin,http://www.westairbenin.com/index.php,2002-01-01T00:00:00Z,2015-01-01T00:00:00Z,http://www.wikidata.org/entity/Q3339515,
White Airways,,airline,WI,WHT,Portugal,http://www.flywhite.com,2005-01-01T00:00:00Z,,http://www.wikidata.org/entity/Q618093,
Widerøe,,airline,WF,WIF,Norway,https://wideroe.no,1934-02-19T00:00:00Z,,http://www.wikidata.org/entity/Q28344,
Widerøe,,airline,WF,WIF,Norway,https://wideroe.no/en,1934-02-19T00:00:00Z,,http://www.wikidata.org/entity/Q28344,
Wiggins Airways,,airline,WG,WIG,United States,https://wiggins-air.com/,1929-01-01T00:00:00Z,,http://www.wikidata.org/entity/Q4053137,
Winair,,airline,WM,WIA,Sint Maarten,http://www.fly-winair.sx,1961-01-01T00:00:00Z,,http://www.wikidata.org/entity/Q1119913,
Wind Jet,,airline,IV,JET,Italy,http://www.volawindjet.it,2003-01-01T00:00:00Z,2012-08-11T00:00:00Z,http://www.wikidata.org/entity/Q672326,
Windrose Airlines,,airline,7W,WRC,Ukraine,http://www.windrose.aero/,2003-01-01T00:00:00Z,,http://www.wikidata.org/entity/Q1029273,
Windrose Airlines,,airline,7W,WRC,Ukraine,http://www.windrose.aero/,2007-01-01T00:00:00Z,,http://www.wikidata.org/entity/Q1029273,
Wingo,,airline,P5,RPB,Colombia,http://www.wingo.com/,2016-01-01T00:00:00Z,,http://www.wikidata.org/entity/Q27493922,
Wingo,,virtual airline,P5,RPB,Colombia,http://www.wingo.com/,2016-01-01T00:00:00Z,,http://www.wikidata.org/entity/Q27493922,
Wings of Alaska,,airline,K5,SQH,United States,http://www.wingsofalaska.com,1982-01-01T00:00:00Z,2017-03-13T00:00:00Z,http://www.wikidata.org/entity/Q4053179,
Wizz Air,,organization,W6,WZZ,Hungary,https://wizzair.com,2003-09-01T00:00:00Z,,http://www.wikidata.org/entity/Q335147,x
Wizz Air,,airline,W6,WZZ,Hungary,https://wizzair.com,2003-09-01T00:00:00Z,,http://www.wikidata.org/entity/Q335147,
Wizz Air,,public company,W6,WZZ,Hungary,https://wizzair.com,2003-09-01T00:00:00Z,,http://www.wikidata.org/entity/Q335147,
Wizz Air,,business,W6,WZZ,Hungary,https://wizzair.com,2003-09-01T00:00:00Z,,http://www.wikidata.org/entity/Q335147,
Wizz Air Bulgaria,,airline,8Z,WVL,Bulgaria,http://www.wizzair.com/,2006-01-01T00:00:00Z,2011-01-01T00:00:00Z,http://www.wikidata.org/entity/Q2067230,
Wizz Air Malta,,airline,W4,WMT,Malta,https://wizzair.com/en-gb/cheap-flights-from-malta,2022-01-01T00:00:00Z,,http://www.wikidata.org/entity/Q113637091,
Wizz Air UK,,airline,W9,WUK,United Kingdom,http://www.wizzair.com/,2017-09-26T00:00:00Z,,http://www.wikidata.org/entity/Q55525155,
Wizz Air Ukraine,,airline,WU,WAU,Ukraine,http://www.wizzair.com,2008-01-01T00:00:00Z,2015-01-01T00:00:00Z,http://www.wikidata.org/entity/Q2417732,
World Airways,,airline,WO,WOA,United States,http://www.worldairways.com/,1948-03-29T00:00:00Z,2014-03-27T00:00:00Z,http://www.wikidata.org/entity/Q1188319,
World Atlantic Airlines,,airline,K8,WAL,United States,http://www.flywaa.com,2002-01-01T00:00:00Z,,http://www.wikidata.org/entity/Q8035383,
World Cargo Airlines,,airline,3G,CXM,Malaysia,https://www.klas.com.my/Air-Freight-Services/,1996-01-01T00:00:00Z,,http://www.wikidata.org/entity/Q4202205,
World Cargo Airlines,,airline,3G,GSB,Malaysia,https://www.klas.com.my/Air-Freight-Services/,1996-01-01T00:00:00Z,,http://www.wikidata.org/entity/Q4202205,
World2Fly,,airline,2W,WFL,Spain,https://www.w2fly.es/es-es,2021-06-19T00:00:00Z,,http://www.wikidata.org/entity/Q107557914,
Wright Air Service,,airline,8V,WRF,United States,http://www.wrightairservice.com/,1967-01-01T00:00:00Z,,http://www.wikidata.org/entity/Q4053256,
XL Airways France,,airline,SE,XLF,France,http://www.xlairways.fr,1995-01-01T00:00:00Z,2019-09-01T00:00:00Z,http://www.wikidata.org/entity/Q1783588,
XL Airways Germany,,airline,G1,GXL,Germany,http://www.xlairways.de/,2006-01-01T00:00:00Z,2012-01-01T00:00:00Z,http://www.wikidata.org/entity/Q699514,
XL Airways Germany,,airline,9E,GXL,Germany,http://www.xlairways.de/,2006-01-01T00:00:00Z,2012-01-01T00:00:00Z,http://www.wikidata.org/entity/Q699514,
XL Airways Germany,,charter airline,G1,GXL,Germany,http://www.xlairways.de/,2006-01-01T00:00:00Z,2012-01-01T00:00:00Z,http://www.wikidata.org/entity/Q699514,
XL Airways Germany,,charter airline,9E,GXL,Germany,http://www.xlairways.de/,2006-01-01T00:00:00Z,2012-01-01T00:00:00Z,http://www.wikidata.org/entity/Q699514,
Xfly,,airline,EE,EST,Estonia,https://xfly.ee/,2015-01-01T00:00:00Z,,http://www.wikidata.org/entity/Q56026096,
Xiamen Airlines,,airline,MF,CXA,People's Republic of China,https://www.xiamenair.com/,1984-01-01T00:00:00Z,,http://www.wikidata.org/entity/Q147208,
Xpress Air,,airline,XN,XAR,Indonesia,http://www.xpressair.co.id,2003-01-01T00:00:00Z,2021-01-01T00:00:00Z,http://www.wikidata.org/entity/Q968291,
YTO Cargo Airlines,,cargo airline,YG,HYT,People's Republic of China,http://www.yto.net.cn/,2015-01-01T00:00:00Z,,http://www.wikidata.org/entity/Q20688256,
Yakutia Airlines,,airline,R3,SYL,Russia,http://www.yakutia.aero,1992-01-01T00:00:00Z,,http://www.wikidata.org/entity/Q1364772,
Yamal Airlines,,regional airline,YC,LLM,Russia,http://www.yamal-airlines.ru,1997-01-01T00:00:00Z,,http://www.wikidata.org/entity/Q1030192,
Yanair,,airline,YE,ANR,Ukraine,http://yanair.com.ua/,2012-01-01T00:00:00Z,,http://www.wikidata.org/entity/Q15030106,
Yemenia,,airline,IY,IYE,Yemen,http://yemenia.com/,1961-01-01T00:00:00Z,,http://www.wikidata.org/entity/Q662091,
Yemenia,,business,IY,IYE,Yemen,http://yemenia.com/,1961-01-01T00:00:00Z,,http://www.wikidata.org/entity/Q662091,
Yeongnam Air,,airline,OE,ONA,South Korea,http://www.ynair.co.kr/,2006-01-01T00:00:00Z,2008-12-01T00:00:00Z,http://www.wikidata.org/entity/Q489719,
Yeti Airlines,,airline,YT,NYT,Nepal,http://www.yetiairlines.com,1998-01-01T00:00:00Z,,http://www.wikidata.org/entity/Q1480118,
Ying'an Airlines,,airline,YI,AYE,People's Republic of China,http://yingair.yndinghao.com/,2005-01-01T00:00:00Z,,http://www.wikidata.org/entity/Q17066858,
Yuzhmashavia,,airline,2N,UMK,Ukraine,http://www.yuzmashair.com.ua/indexen.html,1985-01-01T00:00:00Z,,http://www.wikidata.org/entity/Q1818213,
Z Air,,airline,7Z,EZR,Netherlands,https://www.flyzair.com/en/,2000-01-01T00:00:00Z,,http://www.wikidata.org/entity/Q4037864,
ZAS Airline of Egypt,,airline,ZA,ZAS,Egypt,https://www.zasair.com/index.php,1982-01-01T00:00:00Z,1995-04-01T00:00:00Z,http://www.wikidata.org/entity/Q135909,
ZIPAIR Tokyo,,airline,ZG,TZP,Japan,https://booking.zipair.net/,2018-07-31T00:00:00Z,,http://www.wikidata.org/entity/Q59186361,
ZIPAIR Tokyo,,airline,ZG,TZP,Japan,https://www.zipair.net/,2018-07-31T00:00:00Z,,http://www.wikidata.org/entity/Q59186361,
ZIPAIR Tokyo,,airline,ZG,TZP,Japan,https://www.zipairtokyo.com/,2018-07-31T00:00:00Z,,http://www.wikidata.org/entity/Q59186361,
Zagrosjet,,airline,Z4,GZQ,Iraq,http://www.zagrosjet.com,2005-01-01T00:00:00Z,,http://www.wikidata.org/entity/Q9097413,
Zambian Airways,,airline,Q3,MBN,Zambia,http://www.zambianairways.com:80/,1998-01-01T00:00:00Z,2009-01-01T00:00:00Z,http://www.wikidata.org/entity/Q145532,
ZanAir,,airline,B4,TAN,Tanzania,http://www.zanair.com/,1992-01-01T00:00:00Z,,http://www.wikidata.org/entity/Q146045,
Zhongyuan Airlines,,airline,Z2,CYN,People's Republic of China,http://wayback.archive.org/*/http://zy-air.com/e-intro.htm,1986-01-01T00:00:00Z,2000-08-04T00:00:00Z,http://www.wikidata.org/entity/Q197938,
Zhongyuan Airlines,,airline,Z2,CYN,People's Republic of China,http://wayback.archive.org/*/http://zy-air.com/e-intro.htm,1987-01-01T00:00:00Z,2000-08-04T00:00:00Z,http://www.wikidata.org/entity/Q197938,
Zimbabwe flyafrica.com,,airline,Z7,FZW,Zimbabwe,http://flyafrica.com,2014-01-01T00:00:00Z,,http://www.wikidata.org/entity/Q18552577,
Zimex Aviation,,airline,XM,IMX,Switzerland,http://www.zimex.ch/,1969-01-01T00:00:00Z,,http://www.wikidata.org/entity/Q8072119,
Zoom Air,,airline,ZO,ZOA,India,http://www.zoomair.in/,2013-01-01T00:00:00Z,,http://www.wikidata.org/entity/Q28169324,
Zoom Airlines Limited,,airline,ZX,UKZ,United Kingdom,http://www.flyzoom.com,2006-01-01T00:00:00Z,2008-08-01T00:00:00Z,http://www.wikidata.org/entity/Q8074146,
Zoom Airways,,airline,3Z,ZAW,Bangladesh,http://www.benisongroup.com/zoom/,2002-01-01T00:00:00Z,2009-01-01T00:00:00Z,http://www.wikidata.org/entity/Q4346996,
air2there,,airline,F8,ATT,New Zealand,http://www.air2there.com,2004-01-01T00:00:00Z,,http://www.wikidata.org/entity/Q406612,
airblue,,airline,PA,ABQ,Pakistan,http://www.airblue.com,2003-01-01T00:00:00Z,,http://www.wikidata.org/entity/Q310107,
easyJet,,organization,U2,EZY,United Kingdom,https://easyjet.com,1995-01-01T00:00:00Z,,http://www.wikidata.org/entity/Q191551,
easyJet,,airline,U2,EZY,United Kingdom,https://easyjet.com,1995-01-01T00:00:00Z,,http://www.wikidata.org/entity/Q191551,
easyJet,,public company,U2,EZY,United Kingdom,https://easyjet.com,1995-01-01T00:00:00Z,,http://www.wikidata.org/entity/Q191551,
flydubai,,organization,FZ,FDB,United Arab Emirates,https://www.flydubai.com/,2008-01-01T00:00:00Z,,http://www.wikidata.org/entity/Q1048495,
flydubai,,airline,FZ,FDB,United Arab Emirates,https://www.flydubai.com/,2008-01-01T00:00:00Z,,http://www.wikidata.org/entity/Q1048495,
flydubai,,state-owned enterprise,FZ,FDB,United Arab Emirates,https://www.flydubai.com/,2008-01-01T00:00:00Z,,http://www.wikidata.org/entity/Q1048495,
iAero Airways,,airline,Q7,SWQ,United States,http://www.flyswiftair.com,1997-01-01T00:00:00Z,,http://www.wikidata.org/entity/Q7655996,
kulula.com,,organization,MN,CAW,South Africa,http://www.kulula.com,2001-01-01T00:00:00Z,2022-06-09T00:00:00Z,http://www.wikidata.org/entity/Q930120,
kulula.com,,airline,MN,CAW,South Africa,http://www.kulula.com,2001-01-01T00:00:00Z,2022-06-09T00:00:00Z,http://www.wikidata.org/entity/Q930120,
Ándalus Líneas Aéreas,,airline,EA,ANU,Spain,http://www.andalus.es/,2008-01-01T00:00:00Z,2010-08-13T00:00:00Z,http://www.wikidata.org/entity/Q251492,